,AlbumID,Release_date,Genre,Publisher,Agency
0,10552055,2021.01.24,발라드,카카오엔터테인먼트,"TOON STUDIO, 느을"
1,10238711,2019.01.02,록/메탈,카카오엔터테인먼트,FNC엔터테인먼트
2,2175738,2013.02.21,랩/힙합,NHN벅스,브랜뉴뮤직
3,862970,2010.04.20,발라드,Dreamus,Beyond Music
4,10040060,2017.02.20,"댄스, 발라드",Dreamus,(주)JYP엔터테인먼트
5,2210557,2013.10.14,록/메탈,(주)인터파크,LOVE MANEUVER
6,10889981,2022.03.11,R&B/Soul,카카오엔터테인먼트,MORE VISION
7,2263804,2014.07.08,"발라드, 댄스",카카오엔터테인먼트,"sidusHQ, god"
8,2059007,2012.01.05,댄스,카카오엔터테인먼트,(주)티오피미디어
9,2134788,2012.07.03,랩/힙합,"지니뮤직, Stone Music Entertainment",ILLIONAIRE RECORDS
10,10400522,2020.03.09,"댄스, 랩/힙합, 록/메탈",Dreamus,(주)JYP엔터테인먼트
11,10027786,2017.01.03,"발라드, 록/메탈, 포크/블루스",YG PLUS,(주)YG엔터테인먼트
12,2214670,2013.11.06,"댄스, 발라드",Dreamus,"AQ 엔터테인먼트, JYP 엔터테인먼트"
13,1258257,2011.04.28,"댄스, 발라드",카카오엔터테인먼트,플레디스
14,2290452,2014.11.19,"인디음악, 포크/블루스",포크라노스,매직스트로베리사운드
15,2177822,2013.03.14,"댄스, 발라드",GU Music,GU Music
16,10318623,2019.08.18,"국내드라마, 발라드",Dreamus,냠냠엔터테인먼트
17,10128163,2018.01.11,발라드,카카오엔터테인먼트,뮤직팜
18,2153251,2012.10.16,"발라드, 댄스",카카오엔터테인먼트,YMC엔터테인먼트
19,1313571,2011.06.21,발라드,카카오엔터테인먼트,카카오엔터테인먼트
20,10369830,2019.12.30,"R&B/Soul, 인디음악",워너뮤직,(주)MAKTUB Company
21,2655015,2015.12.07,랩/힙합,"지니뮤직, Stone Music Entertainment",세븐시즌스
22,2202410,2013.09.25,록/메탈,"지니뮤직, Stone Music Entertainment","㈜ 청춘뮤직, Stone Music Entertainment"
23,2145068,2012.08.21,발라드,카카오엔터테인먼트,뷰가엔터테인먼트
24,723759,2009.11.25,"댄스, 발라드",카카오엔터테인먼트,플레디스 & 카카오엔터테인먼트
25,11033394,2022.09.16,"랩/힙합, 댄스, 발라드",YG PLUS,YG Entertainment
26,10810162,2021.12.12,랩/힙합,"지니뮤직, Stone Music Entertainment","BPM ENTERTAINMENT, FameUs Entertainment"
27,2706226,2016.08.24,발라드,카카오엔터테인먼트,플레디스엔터테인먼트
28,2179893,2013.04.01,발라드,Dreamus,Beyond Music
29,10447670,2020.06.19,댄스,카카오엔터테인먼트,EDAM엔터테인먼트
30,2020148,2011.10.18,"댄스, 발라드",티에스앤엔터테인먼트,(주)RBW
31,838454,2010.03.25,"댄스, 발라드",카카오엔터테인먼트,플레디스 & 카카오엔터테인먼트
32,838452,2010.03.25,발라드,카카오엔터테인먼트,인넥스트 트렌드
33,10261306,2019.03.14,"댄스, R&B/Soul",카카오엔터테인먼트,(주)RBW
34,10636091,2021.06.24,발라드,카카오엔터테인먼트,카카오엔터테인먼트
35,2298684,2015.01.08,발라드,Dreamus,Beyond Music
36,10203965,2018.09.13,발라드,카카오엔터테인먼트,모스트웍스
37,10181438,2018.07.03,"발라드, 인디음악",카카오엔터테인먼트,"민트페이퍼, 광합성"
38,10070846,2017.06.13,"인디음악, 포크/블루스",NHN벅스,쇼파르뮤직
39,2689855,2016.06.09,"댄스, R&B/Soul, 발라드, 랩/힙합",카카오엔터테인먼트,SM Entertainment
40,2325321,2015.06.22,"댄스, 발라드",카카오엔터테인먼트,FNC엔터테인먼트
41,1063754,2010.11.04,발라드,지니뮤직,Stone Music Entertainment
42,10025804,2016.12.25,"발라드, 국내드라마","지니뮤직, Stone Music Entertainment","Stone Music Entertainment, 화앤담픽쳐스"
43,10093389,2017.09.04,랩/힙합,"지니뮤직, Stone Music Entertainment",AOMG
44,10191694,2018.08.06,댄스,카카오엔터테인먼트,SM Entertainment
45,2265934,2014.07.14,"댄스, 발라드",GU Music,GU Music
46,2030418,2011.11.07,"댄스, 발라드",Dreamus,(주)JYP엔터테인먼트
47,2661204,2016.02.01,"발라드, 댄스, 록/메탈",YG PLUS,(주)YG엔터테인먼트
48,2194266,2013.07.29,"댄스, 발라드, 일렉트로니카",카카오엔터테인먼트,SM Entertainment
49,2040666,2011.11.29,"발라드, 댄스",카카오엔터테인먼트,카카오엔터테인먼트
50,10818396,2021.12.20,댄스,카카오엔터테인먼트,SM ENTERTAINMENT
51,2175837,2013.02.20,"발라드, 국내드라마",카카오엔터테인먼트,골든썸홀딩스
52,2669407,2016.02.26,"R&B/Soul, 댄스, 랩/힙합","지니뮤직, Stone Music Entertainment","㈜RBW, Stone Music Entertainment"
53,11078496,2022.10.17,"댄스, 발라드, R&B/Soul, 록/메탈",YG PLUS,쏘스뮤직
54,2325345,2015.06.22,"댄스, 발라드",카카오엔터테인먼트,스타쉽 엔터테인먼트
55,2286432,2014.10.21,랩/힙합,YG PLUS,(주)YG엔터테인먼트
56,10011491,2016.11.01,"포크/블루스, 댄스",YG PLUS,(주)YG엔터테인먼트
57,10058598,2017.04.27,R&B/Soul,카카오엔터테인먼트,(주)밀리언마켓
58,10060647,2017.05.10,"댄스, 발라드, 랩/힙합, 록/메탈",YG PLUS,(주)YG엔터테인먼트
59,2171751,2013.01.05,댄스,(주)지니뮤직,MBC
60,10273641,2019.04.12,"랩/힙합, R&B/Soul, 댄스",YG PLUS,BIGHIT MUSIC
61,10212203,2018.10.15,발라드,카카오엔터테인먼트,브랜뉴뮤직
62,332658,2006.11.15,R&B/Soul,지니뮤직,Stone Music Entertainment
63,2157426,2012.10.21,"댄스, 발라드",카카오엔터테인먼트,큐브엔터테인먼트
64,2106226,2012.04.05,발라드,(주)다날엔터테인먼트,윈드밀이엔티
65,10025845,2016.12.24,"발라드, 국내드라마","지니뮤직, Stone Music Entertainment","Stone Music Entertainment, 화앤담픽쳐스"
66,11023224,2022.08.05,"댄스, R&B/Soul, 발라드",카카오엔터테인먼트,SM ENTERTAINMENT
67,10439549,2020.06.04,랩/힙합,"지니뮤직, Stone Music Entertainment",H1GHR MUSIC
68,2300803,2015.01.21,발라드,지니뮤직,"Stone Music Entertainment, MMO ENT"
69,1125251,2011.01.05,"댄스, 발라드",카카오엔터테인먼트,SM Entertainment
70,10554246,2021.03.25,"댄스, 발라드, R&B/Soul",카카오엔터테인먼트,EDAM엔터테인먼트
71,822151,2010.03.10,발라드,(주)뮤직앤뉴,원오원엔터테인먼트
72,2319240,2015.05.19,R&B/Soul,"지니뮤직, Stone Music Entertainment",아메바컬쳐
73,2182026,2013.04.22,포크/블루스,지니뮤직,Stone Music Entertainment
74,979852,2010.07.29,발라드,"지니뮤직, Stone Music Entertainment",넥스타엔터테인먼트
75,2171790,2013.01.07,랩/힙합,NHN벅스,브랜뉴뮤직
76,2083726,2012.02.22,발라드,카카오엔터테인먼트,뮤직팜
77,10148752,2018.03.17,랩/힙합,지니뮤직,Stone Music Entertainment
78,2190225,2013.06.26,랩/힙합,Sony Music,아싸 커뮤니케이션
79,2313106,2015.04.23,랩/힙합,카카오엔터테인먼트,브랜뉴뮤직
80,10210198,2018.10.08,랩/힙합,"지니뮤직, Stone Music Entertainment",AOMG
81,2683798,2016.05.10,"발라드, 국내드라마",지니뮤직,Stone Music Entertainment
82,2302870,2015.02.05,R&B/Soul,카카오엔터테인먼트,"인넥스트트렌드, 산타뮤직"
83,1334167,2011.07.12,"댄스, 발라드",(주)오감엔터테인먼트,J.Tune Camp
84,992151,2010.08.12,"댄스, 발라드",(주)래드컴,(주)RBW
85,10036123,2017.02.06,댄스,"지니뮤직, Stone Music Entertainment",세븐시즌스
86,10505118,2020.10.19,"발라드, 댄스",카카오엔터테인먼트,YES IM ENTERTAINMENT
87,2177951,2013.03.13,"발라드, 국내드라마",카카오엔터테인먼트,골든썸홀딩스
88,842655,2010.03.30,"록/메탈, 인디음악",MO records,뜨거운감자
89,2702242,2016.08.04,"록/메탈, 인디음악",카카오엔터테인먼트,페포니 뮤직
90,10163106,2018.04.30,"댄스, 발라드",카카오엔터테인먼트,쏘스뮤직
91,10154916,2018.04.04,"랩/힙합, 록/메탈, 발라드, 댄스, R&B/Soul",YG PLUS,(주)YG엔터테인먼트
92,2335653,2015.08.19,발라드,지니뮤직,"Stone Music Entertainment, B2M Entertainment"
93,10695590,2021.08.29,"발라드, 인디음악",카카오엔터테인먼트,"카카오엔터테인먼트, 민트페이퍼, 광합성"
94,2124707,2012.05.22,"댄스, 발라드",카카오엔터테인먼트,큐브엔터테인먼트
95,10032040,2017.01.18,발라드,지니뮤직,Stone Music Entertainment
96,2124713,2012.06.07,발라드,카카오엔터테인먼트,"FNC엔터테인먼트, Stone Music Entertainment"
97,1004461,2010.08.26,발라드,카카오엔터테인먼트,YWHO & 해피페이스 Ent
98,10521521,2020.11.20,"랩/힙합, 댄스, 발라드, R&B/Soul",YG PLUS,BIGHIT MUSIC
99,2677681,2016.04.06,"댄스, 발라드",Dreamus,Beyond Music
100,2059186,2012.01.05,"포크/블루스, 클래식, 크로스오버",NHN벅스,내가네트워크
101,10179508,2018.06.27,"인디음악, 일렉트로니카",워너뮤직,디씨톰엔터테인먼트
102,10173365,2018.06.04,"댄스, 발라드",지니뮤직,"SWING Entertainment, Stone Music Entertainment"
103,1276855,2011.05.17,"발라드, 댄스",카카오엔터테인먼트,큐브엔터테인먼트
104,773051,2010.01.19,"발라드, 댄스, 록/메탈",㈜후크엔터테인먼트,㈜후크엔터테인먼트
105,1024955,2010.09.15,발라드,Dreamus,JYP & Big Hit Ent.
106,10425277,2020.05.05,"발라드, 인디음악",지니뮤직,비에스(BS) Ent.
107,10638275,2021.06.26,발라드,"지니뮤직, Stone Music Entertainment",유야호
108,1139654,2011.01.14,발라드,카카오엔터테인먼트,피쉬엔케익뮤직
109,10863559,2022.02.14,"댄스, 발라드, R&B/Soul",카카오엔터테인먼트,SM ENTERTAINMENT
110,10830791,2022.01.03,댄스,카카오엔터테인먼트,SM ENTERTAINMENT
111,10589127,2021.04.08,"댄스, R&B/Soul, 록/메탈, 일렉트로니카",카카오엔터테인먼트,High Up Entertainment
112,10040265,2017.02.28,"R&B/Soul, 록/메탈, 발라드, 댄스",카카오엔터테인먼트,SM Entertainment
113,2200521,2013.09.10,랩/힙합,카카오엔터테인먼트,(주)스타쉽 엑스
114,10083276,2017.07.28,록/메탈,카카오엔터테인먼트,"인넥스트트렌드, 산타뮤직"
115,10232781,2018.12.13,"댄스, R&B/Soul, 발라드",카카오엔터테인먼트,SM ENTERTAINMENT
116,2638798,2015.09.22,발라드,Dreamus,Beyond Music
117,2225097,2014.01.08,"발라드, 국내드라마",NHN벅스,㈜SBS콘텐츠허브
118,10873811,2022.02.21,"댄스, R&B/Soul",카카오엔터테인먼트,High Up Entertainment
119,10144723,2018.03.19,"댄스, 발라드",지니뮤직,"YMC엔터테인먼트, STONE MUSIC ENTERTAINMENT"
120,2673620,2016.03.17,"발라드, 국내드라마, 랩/힙합",(주)뮤직앤뉴,"모스트콘텐츠, (주)뮤직앤뉴"
121,10865624,2022.02.13,발라드,카카오엔터테인먼트,TOON STUDIO
122,10083290,2017.07.27,발라드,카카오엔터테인먼트,㈜메이크어스엔터테인먼트
123,10056666,2017.04.21,"발라드, 댄스, R&B/Soul",카카오엔터테인먼트,"카카오엔터테인먼트, (주)페이브엔터테인먼트"
124,2687963,2016.05.31,"발라드, 국내드라마",지니뮤직,Stone Music Entertainment
125,2681820,2016.04.29,발라드,"지니뮤직, Stone Music Entertainment",미스틱엔터테인먼트
126,10804190,2021.12.07,"국내드라마, 발라드",(주)엔에이치엔벅스,모스트콘텐츠
127,10810337,2021.12.13,"국내드라마, 발라드",(주)엔에이치엔벅스,모스트콘텐츠
128,2186215,2013.05.23,"일렉트로니카, 댄스",Dreamus,Beyond Music
129,1125351,2011.01.06,댄스,(주)래드컴,(주)RBW
130,2243562,2014.03.24,랩/힙합,(주)엔에이치엔벅스,YMC엔터테인먼트
131,10068972,2017.06.07,"댄스, 발라드","지니뮤직, Stone Music Entertainment",MNH Entertainment
132,10636269,2021.06.25,"국내드라마, 발라드","지니뮤직, Stone Music Entertainment","스튜디오 마음C, 에그이즈커밍, Stone Music Entertainment"
133,10359789,2019.12.03,발라드,지니뮤직,WAKEONE
134,1235959,2011.04.05,"댄스, 발라드",카카오엔터테인먼트,큐브엔터테인먼트
135,10234872,2018.12.19,댄스,YG PLUS,(주)YG엔터테인먼트
136,10423289,2020.04.27,"댄스, 발라드",Sony Music,WM 엔터테인먼트
137,2214910,2013.11.12,발라드,Dreamus,Beyond Music
138,2663424,2016.01.22,R&B/Soul,"지니뮤직, Stone Music Entertainment",아메바컬쳐
139,10521601,2020.11.21,랩/힙합,지니뮤직,Stone Music Entertainment
140,10245121,2019.01.23,랩/힙합,지니뮤직,인디안레이블
141,2282505,2014.09.18,"인디음악, 록/메탈",MO records,두루두루 아티스트 컴퍼니
142,2329610,2015.07.16,"댄스, 발라드",카카오엔터테인먼트,에이큐브 엔터테인먼트
143,10716174,2021.09.19,"R&B/Soul, 인디음악",워너뮤직,(주)MAKTUB Company
144,2167822,2012.11.22,발라드,㈜후크엔터테인먼트,㈜후크엔터테인먼트
145,2311184,2015.03.27,랩/힙합,지니뮤직,Stone Music Entertainment
146,2092046,2012.03.12,발라드,Dreamus,JYP 엔터테인먼트 & 빅히트 엔터테인먼트
147,1000465,2010.08.26,R&B/Soul,지니뮤직,Stone Music Entertainment
148,2640915,2015.09.21,랩/힙합,카카오엔터테인먼트,리쌍컴퍼니
149,2710553,2016.09.12,발라드,워너뮤직,닐로엔터테인먼트
150,2292762,2014.11.28,"발라드, 국내드라마",NHN벅스,(주)도너츠뮤직
151,2079769,2012.02.14,"발라드, 댄스",카카오엔터테인먼트,스타쉽 엔터테인먼트
152,10316828,2019.08.11,"국내드라마, 발라드",Dreamus,냠냠엔터테인먼트
153,10038305,2017.02.14,발라드,카카오엔터테인먼트,(주)스타쉽 엑스
154,2640930,2015.09.22,R&B/Soul,카카오엔터테인먼트,(주)스타쉽 엑스
155,2235426,2014.02.24,"댄스, 발라드",카카오엔터테인먼트,SM Entertainment
156,2309156,2015.03.17,"댄스, 발라드",카카오엔터테인먼트,SM Entertainment
157,2692133,2016.06.18,랩/힙합,지니뮤직,Stone Music Entertainment
158,10916904,2022.04.12,랩/힙합,카카오엔터테인먼트,"BIGPLANETMADE, SWING ENTERTAINMENT, 페임어스 엔터테인먼트"
159,2313257,2015.04.15,댄스,YG PLUS,(주)YG엔터테인먼트
160,828461,2010.03.16,"발라드, 댄스",Dreamus,JYP & Big Hit Ent.
161,2288687,2014.11.03,랩/힙합,카카오엔터테인먼트,㈜RBW
162,2067506,2012.01.19,발라드,카카오엔터테인먼트,스타쉽 엔터테인먼트
163,2665523,2016.02.03,발라드,카카오엔터테인먼트,SM Entertainment
164,2180147,2013.04.03,랩/힙합,카카오엔터테인먼트,"HOW엔터테인먼트, GRDL"
165,10368053,2019.12.23,"댄스, R&B/Soul, 발라드, 재즈, 애시드/퓨전/팝",카카오엔터테인먼트,SM ENTERTAINMENT
166,2309174,2015.03.18,발라드,지니뮤직,"Stone Music Entertainment, MMO ENT"
167,1104951,2010.12.24,랩/힙합,YG PLUS,(주)YG엔터테인먼트
168,2020402,2011.10.21,랩/힙합,YG PLUS,(주)YG엔터테인먼트
169,2268221,2014.07.21,댄스,카카오엔터테인먼트,스타쉽 엔터테인먼트
170,2169918,2012.12.14,"발라드, 댄스",카카오엔터테인먼트,카카오엔터테인먼트
171,11004992,2022.07.15,"댄스, 랩/힙합, R&B/Soul",Dreamus,(주)JYP엔터테인먼트
172,10939458,2022.05.02,"댄스, 발라드",YG PLUS,쏘스뮤직
173,10576966,2021.03.12,"록/메탈, 포크/블루스",YG PLUS,YG Entertainment
174,10501191,2020.10.10,댄스,NHN벅스,신박기획
175,2692170,2016.06.20,"R&B/Soul, 발라드",Dreamus,(주)JYP엔터테인먼트
176,2708558,2016.09.06,"발라드, 국내드라마",NHN벅스,모스트콘텐츠
177,10476623,2020.08.14,댄스,카카오엔터테인먼트,브레이브 엔터테인먼트
178,2198610,2013.08.28,"국내드라마, 발라드, R&B/Soul",카카오엔터테인먼트,"본 팩토리, 카카오엔터테인먼트"
179,1236055,2011.04.08,"댄스, 발라드",YG PLUS,(주)YG엔터테인먼트
180,11062364,2022.09.22,R&B/Soul,Dreamus,피네이션
181,10409054,2020.03.27,"국내드라마, 발라드","지니뮤직, Stone Music Entertainment","스튜디오 마음C, 에그이즈커밍, Stone Music Entertainment"
182,2686047,2016.05.24,"발라드, R&B/Soul",Dreamus,(주)JYP엔터테인먼트
183,11045985,2022.09.06,랩/힙합,지니뮤직,Stone Music Entertainment
184,10388581,2020.02.15,"국내드라마, 발라드",주식회사 블렌딩,주식회사 블렌딩
185,2321510,2015.06.01,랩/힙합,YG PLUS,(주)YG엔터테인먼트
186,2174057,2013.01.31,댄스,카카오엔터테인먼트,스타쉽 엔터테인먼트
187,10292330,2019.05.30,"R&B/Soul, 댄스",YG PLUS,(주)YG엔터테인먼트
188,2233456,2014.02.17,"댄스, 발라드",Dreamus,(주)JYP엔터테인먼트
189,1248368,2011.04.20,"댄스, 발라드",카카오엔터테인먼트,SM Entertainment
190,1272951,2011.05.12,발라드,카카오엔터테인먼트,큐브엔터테인먼트
191,2258044,2014.05.27,랩/힙합,카카오엔터테인먼트,리쌍컴퍼니
192,10415229,2020.04.10,"국내드라마, 발라드","지니뮤직, Stone Music Entertainment","스튜디오 마음C, 에그이즈커밍, Stone Music Entertainment"
193,2188413,2013.06.11,"댄스, 발라드",카카오엔터테인먼트,스타쉽 엔터테인먼트
194,10937474,2022.04.29,"랩/힙합, 댄스, 일렉트로니카",Dreamus,P NATION
195,1029252,2010.09.28,발라드,카카오엔터테인먼트,젤리피쉬엔터테인먼트(주)
196,10611845,2021.05.20,R&B/Soul,"지니뮤직, Stone Music Entertainment",피네이션
197,2212999,2013.10.28,"댄스, R&B/Soul",카카오엔터테인먼트,큐브엔터테인먼트
198,1229964,2011.03.29,"댄스, 발라드",카카오엔터테인먼트,큐브 엔터테인먼트
199,10189965,2018.07.31,랩/힙합,카카오엔터테인먼트,"인디고뮤직, 딩고뮤직"
200,973965,2010.07.28,발라드,YG PLUS,BIGHIT MUSIC
201,2315407,2015.04.23,"댄스, 발라드",지니뮤직,"Stone Music Entertainment, MMO ENT"
202,10890384,2022.03.14,"록/메탈, R&B/Soul, 댄스, 랩/힙합",카카오엔터테인먼트,큐브 엔터테인먼트
203,1143954,2011.01.18,"발라드, 댄스",카카오엔터테인먼트,플레이큐브
204,2319508,2015.05.20,발라드,Dreamus,(주)JYP엔터테인먼트
205,2276500,2014.08.22,랩/힙합,카카오엔터테인먼트,브랜뉴뮤직
206,2192532,2013.07.12,"발라드, 댄스",카카오엔터테인먼트,YMC엔터테인먼트
207,10259609,2019.03.11,랩/힙합,지니뮤직,OURS Co.
208,10437786,2020.06.01,댄스,Dreamus,(주)JYP엔터테인먼트
209,2133148,2012.07.03,"댄스, 발라드",Dreamus,Beyond Music
210,10575005,2021.03.09,성인가요/트로트,카카오엔터테인먼트,"티조컬처앤컨텐츠, 뉴에라프로젝트, 물고기뮤직"
211,2165918,2012.11.06,발라드,카카오엔터테인먼트,㈜아이티엠 엔터테인먼트
212,10908834,2022.04.05,록/메탈,YG PLUS,YG Entertainment
213,904355,2010.05.27,R&B/Soul,카카오엔터테인먼트,글로웍스 커뮤니케이션즈(주)
214,10427559,2020.05.13,"인디음악, 포크/블루스",(주)엔에이치엔벅스,쇼파르뮤직
215,10101927,2017.10.15,"국내드라마, 록/메탈",㈜삼쩜일사,스페이스오디티
216,2196649,2013.08.13,댄스,카카오엔터테인먼트,에이큐브 엔터테인먼트
217,10024106,2016.12.17,"발라드, 국내드라마, R&B/Soul","지니뮤직, Stone Music Entertainment","Stone Music Entertainment, 화앤담픽쳐스"
218,10607796,2021.05.14,록/메탈,카카오엔터테인먼트,쇼플레이엔터테인먼트
219,10359994,2019.12.03,랩/힙합,Dreamus,"AOMG, 딩고뮤직, Hi-Lite Records, ILLIONAIRE RECORDS, VMC, Y.."
220,2137275,2012.07.15,랩/힙합,YG PLUS,(주)YG엔터테인먼트
221,988352,2010.08.04,"인디음악, 록/메탈",포크라노스,매직스트로베리사운드
222,988353,2010.08.04,댄스,㈜후크엔터테인먼트,㈜후크엔터테인먼트
223,10556610,2021.01.31,발라드,카카오엔터테인먼트,뮤직원 컴퍼니
224,11078852,2022.10.17,"록/메탈, 댄스, 랩/힙합, R&B/Soul",카카오엔터테인먼트,큐브 엔터테인먼트
225,2657476,2015.12.17,댄스,지니뮤직,Stone Music Entertainment
226,2680009,2016.04.18,발라드,카카오엔터테인먼트,플랜에이 엔터테인먼트
227,2335950,2015.08.22,"댄스, R&B/Soul, 록/메탈, 일렉트로니카","지니뮤직, Stone Music Entertainment",MBC
228,10857681,2022.02.07,발라드,카카오엔터테인먼트,도토리뮤직
229,2669778,2016.03.03,"발라드, 국내드라마",(주)뮤직앤뉴,"모스트콘텐츠, (주)뮤직앤뉴"
230,10527955,2020.12.03,발라드,카카오엔터테인먼트,뮤니콘
231,10353881,2019.11.20,발라드,RIAK,㈜ 스튜디오 오드리
232,10894554,2022.03.21,"댄스, 발라드, R&B/Soul",카카오엔터테인먼트,SM ENTERTAINMENT
233,10433754,2020.05.22,"국내드라마, 발라드","지니뮤직, Stone Music Entertainment","스튜디오 마음C, 에그이즈커밍, Stone Music Entertainment"
234,2673882,2016.03.18,"국내드라마, 발라드",(주)뮤직앤뉴,"모스트콘텐츠, (주)뮤직앤뉴"
235,2313436,2015.04.12,댄스,Dreamus,(주)JYP엔터테인먼트
236,2184411,2013.05.08,발라드,㈜래드컴,(주)RBW
237,1356151,2011.07.28,랩/힙합,Dreamus,정글엔터테인먼트
238,10286309,2019.05.17,발라드,지니뮤직,WAKEONE
239,2311397,2015.03.30,"댄스, R&B/Soul, 발라드",카카오엔터테인먼트,SM Entertainment
240,10210535,2018.10.10,R&B/Soul,카카오엔터테인먼트,카카오엔터테인먼트
241,2137318,2012.07.15,댄스,카카오엔터테인먼트,큐브엔터테인먼트
242,10013929,2016.11.10,"인디음악, 록/메탈",Mirrorball Music(미러볼뮤직),덕선레코드
243,1324270,2011.07.02,"댄스, 발라드, 록/메탈",YG PLUS,-
244,10716399,2021.09.22,"R&B/Soul, 인디음악",워너뮤직,주식회사 레시피뮤직
245,2223343,2013.12.26,"발라드, 국내드라마",NHN벅스,㈜SBS콘텐츠허브
246,10085618,2017.08.05,랩/힙합,지니뮤직,Stone Music Entertainment
247,2309363,2015.03.17,발라드,카카오엔터테인먼트,에이큐브 엔터테인먼트
248,2663668,2016.01.25,"댄스, 발라드",카카오엔터테인먼트,쏘스뮤직
249,2641140,2015.09.21,랩/힙합,"지니뮤직, Stone Music Entertainment",세븐시즌스
250,2663674,2016.01.25,"발라드, R&B/Soul","지니뮤직, Stone Music Entertainment",세븐시즌스
251,2671866,2016.03.09,R&B/Soul,YG PLUS,(주)YG엔터테인먼트
252,2311419,2015.03.30,"댄스, R&B/Soul",Dreamus,(주)JYP엔터테인먼트
253,10218750,2018.11.02,"댄스, R&B/Soul, 발라드",카카오엔터테인먼트,SM ENTERTAINMENT
254,10226943,2018.11.28,발라드,카카오엔터테인먼트,플랜에이 엔터테인먼트
255,2260223,2014.06.12,랩/힙합,카카오엔터테인먼트,"플레디스, 브랜뉴뮤직"
256,2157826,2012.10.22,"록/메탈, 발라드",지니뮤직,Stone Music Entertainment
257,10388744,2020.02.15,"국내드라마, 발라드",카카오엔터테인먼트,EDAM엔터테인먼트
258,10540298,2020.12.29,R&B/Soul,카카오엔터테인먼트,㈜뮤직디자인
259,759051,2010.01.04,댄스,카카오엔터테인먼트,플레이큐브
260,10016012,2016.11.17,발라드,카카오엔터테인먼트,㈜메이크어스엔터테인먼트
261,10261773,2019.03.16,랩/힙합,지니뮤직,Stone Music Entertainment
262,10351886,2019.11.14,"댄스, 발라드",카카오엔터테인먼트,(주)RBW
263,2243859,2014.03.21,발라드,Place Music,돌직구 뮤직
264,2008341,2011.08.23,"댄스, 발라드",카카오엔터테인먼트,큐브엔터테인먼트
265,1283353,2011.05.24,"록/메탈, 발라드",카카오엔터테인먼트,FNC엔터테인먼트
266,10507546,2020.10.23,발라드,카카오엔터테인먼트,"TOON STUDIO, 느을"
267,2180379,2013.04.04,"발라드, 댄스",카카오엔터테인먼트,스타쉽 엔터테인먼트
268,2069786,2012.01.26,댄스,카카오엔터테인먼트,큐브엔터테인먼트
269,2084128,2012.02.29,"댄스, 발라드",YG PLUS,(주)YG엔터테인먼트
270,2217249,2013.11.21,발라드,YG PLUS,(주)YG엔터테인먼트
271,2168099,2012.11.26,"발라드, 댄스",카카오엔터테인먼트,큐브엔터테인먼트
272,2180390,2013.04.04,포크/블루스,주식회사 블렌딩,㈜SBS콘텐츠허브
273,10577197,2021.03.14,"발라드, 인디음악",(주)엔에이치엔벅스,"모스트콘텐츠,니즈뮤직"
274,1051951,2010.10.25,"댄스, 발라드",카카오엔터테인먼트,SM Entertainment
275,2327866,2015.07.07,"댄스, 발라드",GU Music,GU Music
276,2192706,2013.07.15,"R&B/Soul, 발라드",사운드리퍼블리카,(주)뮤직웍스
277,2250057,2014.07.24,"댄스, 발라드","지니뮤직, Stone Music Entertainment",세븐시즌스 & Stone Music Entertainment
278,10294603,2019.06.09,"R&B/Soul, 인디음악",워너뮤직,(주)MAKTUB Company
279,10478925,2020.08.23,발라드,카카오엔터테인먼트,"TOON STUDIO, 느을"
280,10929486,2022.04.24,발라드,카카오엔터테인먼트,꿈의엔진
281,2327886,2015.07.09,R&B/Soul,"지니뮤직, Stone Music Entertainment",아메바컬쳐
282,10317137,2019.08.12,"국내드라마, 발라드",Dreamus,냠냠엔터테인먼트
283,10267986,2019.03.31,발라드,카카오엔터테인먼트,엔터테인먼트 뉴오더
284,1238353,2011.04.07,"댄스, 발라드",카카오엔터테인먼트,DSP미디어
285,2659671,2015.12.30,발라드,카카오엔터테인먼트,"네버랜드엔터테인먼트, 카카오엔터테인먼트"
286,2649434,2015.11.07,"국내드라마, 발라드","지니뮤직, Stone Music Entertainment","Stone Music Entertainment, 쿵엔터테인먼트"
287,1199451,2011.03.15,발라드,"지니뮤직, Stone Music Entertainment",YMC엔터테인먼트
288,2282848,2014.09.20,발라드,지니뮤직,Stone Music Entertainment
289,10052968,2017.04.07,R&B/Soul,카카오엔터테인먼트,"카카오엔터테인먼트, (주)페이브엔터테인먼트"
290,2688360,2016.07.18,랩/힙합,지니뮤직,Stone Music Entertainment
291,943464,2010.07.01,R&B/Soul,YG PLUS,(주)YG엔터테인먼트
292,10331499,2019.09.24,"발라드, 인디음악",NHN벅스,"디원미디어, 엔에스씨컴퍼니"
293,2291053,2014.11.18,발라드,카카오엔터테인먼트,안테나뮤직
294,763251,2010.01.07,댄스,(주)다날엔터테인먼트,윈드밀이엔티
295,10163578,2018.05.02,"댄스, 발라드",카카오엔터테인먼트,큐브엔터테인먼트
296,10452351,2020.06.29,"댄스, 발라드",카카오엔터테인먼트,(주)RBW
297,10460544,2020.07.14,발라드,카카오엔터테인먼트,트라이어스
298,10337665,2019.10.12,발라드,(주)엔에이치엔벅스,캔버스뮤직
299,10452354,2020.06.29,댄스,카카오엔터테인먼트,㈜메이크어스엔터테인먼트
300,2653573,2015.11.30,R&B/Soul,Dreamus,(주)JYP엔터테인먼트
301,779656,2010.01.28,"댄스, 발라드",카카오엔터테인먼트,SM Entertainment
302,10044814,2017.03.20,"댄스, 발라드, R&B/Soul",카카오엔터테인먼트,어라운드어스
303,1150353,2011.01.24,"발라드, 록/메탈",Sony Music,Sony Music
304,50578,2005.03.23,발라드,지니뮤직,Stone Music Entertainment
305,10067347,2017.05.31,"발라드, R&B/Soul",카카오엔터테인먼트,스타쉽 엔터테인먼트
306,2692501,2016.06.21,R&B/Soul,카카오엔터테인먼트,뉴런뮤직
307,10243480,2019.01.17,발라드,카카오엔터테인먼트,뉴런뮤직
308,10302879,2019.07.03,발라드,지니뮤직,메이저나인
309,10102177,2017.10.14,발라드,카카오엔터테인먼트,먼데이키즈 컴퍼니
310,2256290,2014.05.16,"발라드, 댄스",카카오엔터테인먼트,카카오엔터테인먼트
311,2313635,2015.04.13,"댄스, 발라드",Sony Music,바나나컬쳐
312,2321827,2015.06.03,"댄스, R&B/Soul, 발라드",카카오엔터테인먼트,SM Entertainment
313,1017253,2010.09.09,"댄스, 발라드",YG PLUS,(주)YG엔터테인먼트
314,10073513,2017.06.22,발라드,카카오엔터테인먼트,미스틱엔터테인먼트
315,10005930,2016.10.13,발라드,지니뮤직,"Stone Music Entertainment, B2M Entertainment"
316,2639273,2015.09.09,댄스,카카오엔터테인먼트,SM Entertainment
317,2196906,2013.08.16,R&B/Soul,카카오엔터테인먼트,브랜뉴뮤직
318,10325421,2019.09.04,발라드,카카오엔터테인먼트,(주)RBW
319,2012587,2011.09.16,발라드,카카오엔터테인먼트,에이큐브 엔터테인먼트
320,1273259,2011.05.12,발라드,YG PLUS,(주)YG엔터테인먼트
321,10923444,2022.05.02,"발라드, 성인가요/트로트, 포크/블루스, 랩/힙합, 록/메탈, 재즈",Dreamus,물고기뮤직
322,2336184,2015.08.22,랩/힙합,지니뮤직,Stone Music Entertainment
323,10667450,2021.08.02,댄스,YG PLUS,THEBLACKLABEL
324,10110396,2017.11.11,"발라드, 국내드라마",NHN벅스,"윈드밀이엔티, 뮤직버디"
325,10290621,2019.05.27,발라드,카카오엔터테인먼트,먼데이키즈 컴퍼니
326,2696637,2016.07.09,랩/힙합,지니뮤직,Stone Music Entertainment
327,10816959,2021.12.19,발라드,워너뮤직,프로젝트 리본
328,2282942,2014.09.22,R&B/Soul,"지니뮤직, Stone Music Entertainment",아메바컬쳐
329,2280892,2014.09.04,랩/힙합,지니뮤직,Stone Music Entertainment
330,1306051,2011.06.14,"댄스, 발라드",카카오엔터테인먼트,SM Entertainment
331,10227145,2018.11.29,발라드,지니뮤직,센토엔터테인먼트
332,1263051,2011.05.03,댄스,카카오엔터테인먼트,스타쉽 엔터테인먼트
333,802252,2010.02.17,"댄스, 발라드",카카오엔터테인먼트,DSP미디어
334,959951,2010.07.14,"국내드라마, 발라드",카카오엔터테인먼트,풍년아트콘텐츠
335,10132945,2018.01.25,랩/힙합,YG PLUS,(주)YG엔터테인먼트
336,2270673,2014.07.30,"발라드, 국내드라마","지니뮤직, Stone Music Entertainment","Stone Music Entertainment, 가지컨텐츠"
337,10399190,2020.03.05,"랩/힙합, 인디음악",카카오엔터테인먼트,로맨틱팩토리
338,10128855,2018.01.18,댄스,카카오엔터테인먼트,"㈜메이크어스엔터테인먼트, The Black Label"
339,2026966,2011.10.31,"발라드, 록/메탈",지니뮤직,Stone Music Entertainment
340,861656,2010.04.19,"댄스, 발라드",Dreamus,(주)JYP엔터테인먼트
341,10214874,2018.10.23,"발라드, 국내드라마",(주)뮤직앤뉴,"뮤직앤뉴, 스튜디오앤뉴"
342,2708957,2016.09.06,"발라드, 댄스",Dreamus,Beyond Music
343,10100191,2017.09.28,"포크/블루스, 인디음악",NHN벅스,쇼파르뮤직
344,2659810,2015.12.31,랩/힙합,카카오엔터테인먼트,리쌍컴퍼니
345,814562,2010.03.01,댄스,카카오엔터테인먼트,플레이큐브
346,2657764,2015.12.19,"국내드라마, 발라드","지니뮤직, Stone Music Entertainment","Stone Music Entertainment, 쿵엔터테인먼트"
347,10112486,2017.11.17,"댄스, R&B/Soul, 발라드, 랩/힙합",카카오엔터테인먼트,SM Entertainment
348,2213351,2013.10.30,"국내드라마, 발라드",Sony Music,엠드라이브(M de LIVE)
349,882152,2010.05.11,"발라드, 댄스",YG PLUS,BIGHIT MUSIC
350,10294763,2019.06.09,발라드,카카오엔터테인먼트,네버랜드엔터테인먼트
351,10237420,2018.12.31,발라드,카카오엔터테인먼트,넥스타엔터테인먼트
352,11011565,2022.08.01,"댄스, R&B/Soul",YG PLUS,ADOR
353,2031086,2011.11.08,발라드,카카오엔터테인먼트,에이큐브 엔터테인먼트
354,2278895,2014.08.29,랩/힙합,지니뮤직,Stone Music Entertainment
355,2072048,2012.01.31,"발라드, 록/메탈",카카오엔터테인먼트,F&C Music
356,10147314,2018.03.13,R&B/Soul,YG PLUS,(주)YG엔터테인먼트
357,2692594,2016.06.21,"댄스, 발라드, R&B/Soul",카카오엔터테인먼트,스타쉽 엔터테인먼트
358,2182643,2013.05.21,"록/메탈, 댄스, 발라드, 일렉트로니카",지니뮤직,Stone Music Entertainment
359,843252,2010.04.15,"국내드라마, 발라드, 댄스, 록/메탈",Dreamus,에이스토리
360,2149881,2012.09.12,"댄스, 발라드",카카오엔터테인먼트,플레디스
361,10909179,2022.04.05,댄스,카카오엔터테인먼트,스타쉽엔터테인먼트
362,2043387,2011.12.01,"발라드, 댄스",카카오엔터테인먼트,큐브엔터테인먼트
363,1312258,2011.06.20,"댄스, 발라드",Dreamus,(주)JYP엔터테인먼트
364,744962,2009.12.17,댄스,카카오엔터테인먼트,카카오엔터테인먼트
365,2674195,2016.03.19,댄스,지니뮤직,Stone Music Entertainment
366,2307604,2015.03.06,랩/힙합,지니뮤직,Stone Music Entertainment
367,10124822,2018.01.03,댄스,카카오엔터테인먼트,"(주)엠엘디엔터테인먼트, 카카오엔터테인먼트"
368,10145303,2018.03.07,"발라드, 댄스, R&B/Soul",카카오엔터테인먼트,(주)RBW
369,2301463,2015.02.09,"댄스, 랩/힙합, 발라드",카카오엔터테인먼트,큐브엔터테인먼트
370,880151,2010.05.06,"댄스, 발라드",Dreamus,Beyond Music
371,2328091,2015.07.07,댄스,카카오엔터테인먼트,SM Entertainment
372,2147867,2012.09.15,"랩/힙합, 댄스, 발라드",YG PLUS,(주)YG엔터테인먼트
373,10327581,2019.09.10,"인디음악, 록/메탈",NHN벅스,쇼파르뮤직
374,10880544,2022.02.26,발라드,"지니뮤직, Stone Music Entertainment",NK COMPANY
375,10309152,2019.07.20,"국내드라마, 발라드",Dreamus,냠냠엔터테인먼트
376,10972706,2022.07.08,"댄스, 발라드",카카오엔터테인먼트,SM ENTERTAINMENT
377,10001952,2016.10.03,발라드,Dreamus,"㈜글러브엔터테인먼트, 젤리피쉬엔터테인먼트㈜"
378,10294820,2019.06.08,랩/힙합,"지니뮤직, Stone Music Entertainment",앰비션뮤직
379,10434085,2020.05.24,발라드,카카오엔터테인먼트,(주)하우엔터테인먼트
380,2672163,2016.03.10,"발라드, 국내드라마",(주)뮤직앤뉴,"모스트콘텐츠, (주)뮤직앤뉴"
381,2674213,2016.03.25,록/메탈,"지니뮤직, Stone Music Entertainment",버스커버스커
382,2172455,2013.01.14,랩/힙합,NHN벅스,YMC엔터테인먼트
383,943653,2010.07.01,댄스,Dreamus,JYP & Big Hit Ent.
384,10479150,2020.08.21,댄스,YG PLUS,BIGHIT MUSIC
385,10372655,2020.01.07,"국내드라마, 발라드",Dreamus,냠냠엔터테인먼트
386,10305070,2019.07.09,"발라드, 인디음악",카카오엔터테인먼트,"민트페이퍼, 광합성"
387,2696751,2016.07.11,"댄스, 발라드",카카오엔터테인먼트,쏘스뮤직
388,2172462,2013.01.14,록/메탈,카카오엔터테인먼트,에프엔씨엔터테인먼트
389,2211378,2013.10.18,발라드,카카오엔터테인먼트,스타쉽 엔터테인먼트
390,2123313,2012.05.10,댄스,Mirrorball Music(미러볼뮤직),레브 커뮤니케이션
391,10475061,2020.08.12,댄스,Dreamus,(주)JYP엔터테인먼트
392,2131509,2012.06.28,댄스,카카오엔터테인먼트,스타쉽 엔터테인먼트
393,1211952,2011.03.18,댄스,GU Music,GU Music
394,1168952,2011.02.15,"발라드, 댄스","지니뮤직, Stone Music Entertainment",빅히트엔터테인먼트
395,10880569,2022.02.26,"국내드라마, 랩/힙합",YG PLUS,"스튜디오 마음C, 화앤담픽쳐스"
396,10153531,2018.03.31,랩/힙합,지니뮤직,Stone Music Entertainment
397,968252,2010.07.29,"랩/힙합, 댄스",NHN벅스,쇼글로브
398,814651,2010.03.02,랩/힙합,NHN벅스,스나이퍼사운드
399,10085951,2017.08.07,"댄스, 발라드",지니뮤직,"YMC엔터테인먼트, STONE MUSIC ENTERTAINMENT"
400,1324851,2011.07.05,"댄스, 발라드",카카오엔터테인먼트,큐브엔터테인먼트
401,2195252,2013.08.02,랩/힙합,카카오엔터테인먼트,브랜뉴뮤직
402,10022709,2016.12.13,"랩/힙합, 발라드, 댄스, 록/메탈, 포크/블루스",YG PLUS,(주)YG엔터테인먼트
403,2117429,2012.04.30,"댄스, 발라드",카카오엔터테인먼트,SM Entertainment
404,10264375,2019.03.21,록/메탈,카카오엔터테인먼트,버스커버스커
405,911358,2010.06.03,발라드,카카오엔터테인먼트,카카오엔터테인먼트
406,10467129,2020.07.25,댄스,카카오엔터테인먼트,MBC (문화방송)
407,2008890,2011.08.29,발라드,Dreamus,Beyond Music
408,911359,2010.06.03,랩/힙합,"지니뮤직, Stone Music Entertainment",아메바컬쳐
409,966451,2010.07.19,"댄스, 발라드",카카오엔터테인먼트,SM Entertainment
410,816957,2010.03.04,발라드,CS Happy Entertainment,CS Happy Entertainment
411,2703168,2016.08.08,랩/힙합,YG PLUS,(주)YG엔터테인먼트
412,2021189,2011.10.17,"발라드, 댄스",지니뮤직,Stone Music Entertainment
413,10057543,2017.04.24,"R&B/Soul, 발라드, 포크/블루스, 재즈, 애시드/퓨전/팝",카카오엔터테인먼트,SM Entertainment
414,1294153,2011.06.07,발라드,카카오엔터테인먼트,YWHO & 해피페이스 Ent
415,10241866,2019.01.13,랩/힙합,카카오엔터테인먼트,"인디고뮤직, 딩고뮤직"
416,2176844,2013.03.04,발라드,Dreamus,Beyond Music
417,10405712,2020.03.20,"국내드라마, 발라드","지니뮤직, Stone Music Entertainment","스튜디오 마음C, 에그이즈커밍, Stone Music Entertainment"
418,10035026,2017.02.01,"R&B/Soul, 댄스, 발라드",카카오엔터테인먼트,SM Entertainment
419,10035027,2017.02.01,R&B/Soul,YG PLUS,THEBLACKLABEL
420,2058067,2012.01.03,"댄스, 발라드",Dreamus,Beyond Music
421,10559322,2021.02.04,발라드,카카오엔터테인먼트,"TOON STUDIO, 느을"
422,2320218,2015.05.23,"국내드라마, 발라드, 록/메탈, 댄스, 포크/블루스",(주)다날엔터테인먼트,주식회사 로이
423,2150236,2012.09.14,발라드,카카오엔터테인먼트,에이큐브 엔터테인먼트
424,10610525,2021.05.19,발라드,카카오엔터테인먼트,에버그로우
425,960351,2010.07.14,"발라드, 댄스",카카오엔터테인먼트,플레이큐브
426,10100577,2017.09.29,R&B/Soul,"지니뮤직, Stone Music Entertainment",컴퍼니안
427,10057570,2017.04.24,"인디음악, 록/메탈",MO records,두루두루 아티스트 컴퍼니
428,1271651,2011.05.11,댄스,Dreamus,Beyond Music
429,2670437,2016.03.03,댄스,카카오엔터테인먼트,"FNC엔터테인먼트, (주)SM엔터테인먼트"
430,2195303,2013.08.05,"댄스, 발라드",카카오엔터테인먼트,SM Entertainment
431,2152296,2012.10.11,발라드,카카오엔터테인먼트,스타쉽 엔터테인먼트
432,10262378,2019.03.18,"R&B/Soul, 포크/블루스, 재즈, 애시드/퓨전/팝",Dreamus,(주)JYP엔터테인먼트
433,2664299,2016.01.28,"발라드, 록/메탈",(주)뮤직앤뉴,(주)뮤직앤뉴
434,2260842,2014.06.16,"댄스, 발라드",카카오엔터테인먼트,큐브엔터테인먼트
435,10385262,2020.02.07,"국내드라마, 록/메탈",주식회사 블렌딩,주식회사 블렌딩
436,10221424,2018.11.12,랩/힙합,YG PLUS,(주)YG엔터테인먼트
437,10024816,2016.12.21,"인디음악, 포크/블루스",NHN벅스,쇼파르뮤직
438,2676594,2016.03.31,"발라드, 국내드라마",(주)뮤직앤뉴,"모스트콘텐츠, (주)뮤직앤뉴"
439,2170744,2013.01.01,"댄스, 발라드",카카오엔터테인먼트,SM Entertainment
440,1142651,2011.01.19,"발라드, 댄스",카카오엔터테인먼트,㈜아이티엠 엔터테인먼트
441,10215293,2018.11.12,발라드,카카오엔터테인먼트,큐브엔터테인먼트
442,2262912,2014.06.26,발라드,카카오엔터테인먼트,스타쉽 엔터테인먼트
443,941952,2010.07.01,댄스,Dreamus,(주)JYP엔터테인먼트
444,10102658,2017.10.16,"발라드, 댄스, R&B/Soul",카카오엔터테인먼트,큐브엔터테인먼트
445,1040256,2010.10.13,록/메탈,지니뮤직,엠넷미디어(주)
446,2228106,2014.01.22,"발라드, 국내드라마",NHN벅스,㈜SBS콘텐츠허브
447,2146186,2012.08.22,"댄스, 발라드",카카오엔터테인먼트,DSP미디어
448,10823566,2021.12.24,"국내드라마, 발라드",(주)엔에이치엔벅스,모스트콘텐츠
449,10631055,2021.06.17,댄스,카카오엔터테인먼트,브레이브 엔터테인먼트
450,2254734,2014.05.07,"댄스, 발라드",카카오엔터테인먼트,SM Entertainment
451,10006417,2016.10.14,R&B/Soul,"지니뮤직, Stone Music Entertainment",아메바컬쳐
452,2307986,2015.03.10,랩/힙합,phooey,Dejavu Group
453,2025363,2011.10.27,랩/힙합,카카오엔터테인먼트,FeelGhoodMusic
454,10842005,2022.01.15,발라드,카카오엔터테인먼트,탑현월드
455,2639766,2015.10.01,"댄스, 발라드",카카오엔터테인먼트,에스엠컬처앤콘텐츠레이블울림
456,10362776,2019.12.10,R&B/Soul,Dreamus,블루바이닐
457,10207131,2018.09.25,발라드,NHN벅스,"디원미디어, 엔에스씨컴퍼니"
458,2307996,2015.03.12,"댄스, 발라드",카카오엔터테인먼트,"에이팝엔터테인먼트, 미스틱엔터테인먼트"
459,2234269,2014.02.24,록/메탈,카카오엔터테인먼트,FNC엔터테인먼트
460,817052,2010.03.04,"발라드, 댄스",(주)지니뮤직,넥스타엔터테인먼트
461,10176415,2018.06.15,"댄스, 랩/힙합, R&B/Soul",YG PLUS,(주)YG엔터테인먼트
462,2152351,2012.10.19,랩/힙합,YG PLUS,(주)YG엔터테인먼트
463,10416034,2020.04.12,발라드,카카오엔터테인먼트,"먼데이키즈 컴퍼니, 에버그로우"
464,978853,2010.08.05,"댄스, 발라드",카카오엔터테인먼트,SM Entertainment
465,10295207,2019.06.10,랩/힙합,카카오엔터테인먼트,린치핀뮤직(주)
466,876456,2010.04.30,"R&B/Soul, 발라드",YG PLUS,(주)YG엔터테인먼트
467,2299818,2015.01.15,랩/힙합,카카오엔터테인먼트,스타쉽 엔터테인먼트
468,884652,2010.05.19,록/메탈,카카오엔터테인먼트,피쉬엔케익뮤직
469,2006957,2011.08.09,"댄스, 발라드",카카오엔터테인먼트,스타쉽 엔터테인먼트
470,2121646,2012.05.11,"발라드, 댄스",카카오엔터테인먼트,카카오엔터테인먼트
471,2705328,2016.08.23,발라드,카카오엔터테인먼트,YMC엔터테인먼트
472,2064311,2012.01.13,댄스,카카오엔터테인먼트,카카오엔터테인먼트
473,10325945,2019.09.05,발라드,카카오엔터테인먼트,넥스타엔터테인먼트
474,2224057,2014.01.02,"발라드, 록/메탈",(주)뮤직앤뉴,(주)뮤직앤뉴
475,1093562,2010.12.09,"발라드, 댄스",카카오엔터테인먼트,카카오엔터테인먼트
476,2678718,2016.04.11,R&B/Soul,"지니뮤직, Stone Music Entertainment",세븐시즌스 & Stone Music Entertainment
477,2674623,2016.03.25,R&B/Soul,Universal Music Group,Joombas Co Ltd. & Universal Music Ltd.
478,2310080,2015.03.20,랩/힙합,지니뮤직,Stone Music Entertainment
479,2213824,2013.11.01,"발라드, 국내드라마",지니뮤직,Stone Music Entertainment
480,2181061,2013.04.26,발라드,(주)뮤직앤뉴,(주)뮤직앤뉴
481,10033099,2017.01.24,랩/힙합,카카오엔터테인먼트,"아메바컬쳐, 카카오엔터테인먼트"
482,10375118,2020.01.13,랩/힙합,카카오엔터테인먼트,KOZ 엔터테인먼트
483,10260433,2019.03.13,R&B/Soul,RIAK,디네이션
484,10631122,2021.06.18,"국내드라마, 록/메탈","지니뮤직, Stone Music Entertainment","스튜디오 마음C, 에그이즈커밍, Stone Music Entertainment"
485,2248659,2014.04.08,발라드,카카오엔터테인먼트,엔에이피엔터테인먼트
486,2025426,2011.10.27,발라드,㈜후크엔터테인먼트,㈜후크엔터테인먼트
487,2291669,2014.11.21,랩/힙합,YG PLUS,(주)YG엔터테인먼트
488,772051,2010.01.18,발라드,카카오엔터테인먼트,YWHO Enterprise
489,1028051,2010.09.28,"댄스, 발라드",카카오엔터테인먼트,플레이큐브
490,2183128,2013.04.26,댄스,카카오엔터테인먼트,큐브엔터테인먼트
491,2248665,2014.04.04,랩/힙합,카카오엔터테인먼트,(주)스타쉽 엑스
492,776152,2010.01.21,"발라드, 댄스",Dreamus,JYP & Big Hit Ent.
493,2138075,2012.07.22,"발라드, 댄스",카카오엔터테인먼트,SM Entertainment
494,10078176,2017.07.10,"발라드, 인디음악",카카오엔터테인먼트,"민트페이퍼, 광합성"
495,10106853,2017.10.31,발라드,(주)루미넌트엔터테인먼트,닐로 컴퍼니
496,10137574,2018.02.12,발라드,지니뮤직,"Stone Music Entertainment, MMO Entertainment"
497,10508266,2020.10.24,발라드,카카오엔터테인먼트,버스커버스커
498,10299371,2019.06.24,"댄스, 발라드","지니뮤직, Stone Music Entertainment",MNH Entertainment
499,2224109,2014.01.02,"댄스, 발라드",카카오엔터테인먼트,(주)레인컴퍼니
500,10498032,2020.10.02,"댄스, 랩/힙합, R&B/Soul",YG PLUS,(주)YG엔터테인먼트
501,2019316,2011.10.13,"발라드, 댄스",카카오엔터테인먼트,플레디스
502,2652150,2015.11.21,"국내드라마, 발라드","지니뮤직, Stone Music Entertainment",Stone Music Entertainment
503,2283510,2014.09.25,"발라드, 댄스",카카오엔터테인먼트,YMC엔터테인먼트
504,2013176,2011.09.23,"댄스, 발라드",Dreamus,Beyond Music
505,2123770,2012.05.14,랩/힙합,Universal Music,위닝인사이트
506,2277372,2014.08.27,댄스,Sony Music,바나나컬쳐
507,10276861,2019.04.22,댄스,Dreamus,(주)JYP엔터테인먼트
508,10653694,2021.07.16,"국내드라마, 발라드","지니뮤직, Stone Music Entertainment","스튜디오 마음C, 에그이즈커밍, Stone Music Entertainment"
509,10897407,2022.03.25,발라드,워너뮤직,IN A MILLION
0,2138116,2012.07.22,"댄스, 발라드",카카오엔터테인먼트,큐브엔터테인먼트
1,2082826,2012.02.20,댄스,Dreamus,AQ Entertainment /  JYP Entertainment
2,2187275,2013.05.31,발라드,카카오엔터테인먼트,에이큐브 엔터테인먼트
3,2277388,2014.08.26,댄스,카카오엔터테인먼트,스타쉽 엔터테인먼트
4,2265100,2014.07.11,발라드,카카오엔터테인먼트,카카오엔터테인먼트
5,10258451,2019.03.07,"포크/블루스, 인디음악",포크라노스,매직스트로베리사운드
6,10053651,2017.04.13,R&B/Soul,"지니뮤직, Stone Music Entertainment",세븐시즌스
7,2695189,2016.07.02,랩/힙합,지니뮤직,Stone Music Entertainment
8,2125847,2012.06.03,"댄스, 발라드",YG PLUS,(주)YG엔터테인먼트
9,10377241,2020.01.19,"국내드라마, 발라드",지니뮤직,Stone Music Entertainment
10,2648091,2015.10.31,"국내드라마, 록/메탈, 포크/블루스","지니뮤직, Stone Music Entertainment","Stone Music Entertainment, 쿵엔터테인먼트"
11,2025499,2011.11.01,발라드,㈜래드컴,(주)RBW
12,2332701,2015.08.01,랩/힙합,지니뮤직,Stone Music Entertainment
13,2236445,2014.02.27,"일렉트로니카, R&B/Soul",YG PLUS,(주)YG엔터테인먼트
14,10162211,2018.04.26,"발라드, 인디음악",카카오엔터테인먼트,"민트페이퍼, 광합성"
15,10324004,2019.09.01,발라드,카카오엔터테인먼트,J-SOUL company
16,2191397,2013.07.05,"댄스, 발라드",카카오엔터테인먼트,에이큐브 엔터테인먼트
17,10735654,2021.10.11,"국내드라마, 발라드",(주)엔에이치엔벅스,모스트콘텐츠
18,10827816,2021.12.29,"발라드, 포크/블루스",카카오엔터테인먼트,EDAM엔터테인먼트
19,10469416,2020.07.30,랩/힙합,카카오엔터테인먼트,피네이션
20,10975276,2022.06.07,"발라드, 인디음악",지니뮤직,일팔 프로젝트
21,2170926,2012.12.24,발라드,Sony Music,라이트어치브먼트그룹
22,1030195,2010.10.01,랩/힙합,카카오엔터테인먼트,카카오엔터테인먼트
23,10111029,2017.11.13,"댄스, 발라드",지니뮤직,"YMC엔터테인먼트, STONE MUSIC ENTERTAINMENT"
24,1228854,2011.03.27,"발라드, 록/메탈",주식회사 블렌딩,아이엠비씨(iMBC)
25,2148411,2012.08.31,발라드,(주)온앤온아이피스튜디오,"Jung Key, The Ambassador"
26,1011772,2010.09.06,랩/힙합,카카오엔터테인먼트,카카오엔터테인먼트
27,10459197,2020.07.11,댄스,카카오엔터테인먼트,MBC (문화방송)
28,2115647,2012.04.26,랩/힙합,CJ E&M,아메바컬쳐
29,10311752,2019.07.28,"국내드라마, 발라드",Dreamus,냠냠엔터테인먼트
30,2097226,2012.03.29,록/메탈,지니뮤직,Stone Music Entertainment
31,10051659,2017.04.04,"발라드, 댄스",YG PLUS,(주)YG엔터테인먼트
32,1044555,2010.10.20,랩/힙합,YG PLUS,(주)YG엔터테인먼트
33,2332752,2015.08.03,"댄스, 발라드",Dreamus,(주)JYP엔터테인먼트
34,2709585,2016.09.07,"댄스, 발라드, 일렉트로니카",카카오엔터테인먼트,SM Entertainment
35,2271317,2014.08.04,랩/힙합,카카오엔터테인먼트,브랜뉴뮤직
36,2119766,2012.05.01,발라드,CS Happy Entertainment,CS Happy Entertainment
37,2089047,2012.03.07,랩/힙합,CJ E&M,아메바컬쳐
38,2199646,2013.09.05,"댄스, 발라드",(주)다날엔터테인먼트,(주)다날엔터테인먼트
39,2312287,2015.04.08,"국내드라마, 발라드, 랩/힙합",NHN벅스,(주)도너츠뮤직
40,2197599,2013.08.26,댄스,Dreamus,(주)JYP엔터테인먼트
41,2173025,2013.01.21,발라드,카카오엔터테인먼트,Good fellas Entertainment
42,2072673,2012.02.01,"발라드, 댄스",YG PLUS,(주)YG엔터테인먼트
43,2125923,2012.06.05,랩/힙합,카카오엔터테인먼트,디아이 뮤직
44,2660454,2016.01.06,R&B/Soul,카카오엔터테인먼트,스타쉽 엔터테인먼트
45,10903658,2022.03.30,"R&B/Soul, 인디음악",워너뮤직,주식회사 레시피뮤직
46,2121835,2012.05.17,"댄스, 발라드",카카오엔터테인먼트,WS엔터테인먼트
47,1286252,2011.05.25,"발라드, 국내드라마",카카오엔터테인먼트,더그루브엔터테인먼트
48,2115691,2012.04.29,"R&B/Soul, 발라드, 댄스",Dreamus,(주)JYP엔터테인먼트
49,876652,2010.05.04,"댄스, 발라드",카카오엔터테인먼트,SM Entertainment
50,880751,2010.05.06,발라드,카카오엔터테인먼트,젤리피쉬엔터테인먼트(주)
51,2191473,2013.07.04,발라드,Dreamus,Beyond Music
52,10115186,2017.11.28,발라드,카카오엔터테인먼트,리메즈
53,10614899,2021.05.31,"발라드, R&B/Soul, 록/메탈",카카오엔터테인먼트,SM ENTERTAINMENT
54,2107508,2012.04.12,"댄스, 발라드",카카오엔터테인먼트,스타쉽 엔터테인먼트
55,2123894,2012.05.15,"댄스, 발라드",카카오엔터테인먼트,울림 엔터테인먼트
56,2306170,2015.02.26,"인디음악, 포크/블루스",Mirrorball Music(미러볼뮤직),디 오션 뮤직 (D Ocean Music)
57,10219644,2018.11.06,발라드,지니뮤직,인디안레이블
58,10029181,2017.01.07,"발라드, 국내드라마","지니뮤직, Stone Music Entertainment","Stone Music Entertainment, 화앤담픽쳐스"
59,10127486,2018.01.10,"인디음악, 포크/블루스",NHN벅스,"쇼파르뮤직, 딩고뮤직"
60,1302654,2011.06.16,발라드,카카오엔터테인먼트,폴라리스엔터테인먼트
61,10680450,2021.08.16,"댄스, R&B/Soul",카카오엔터테인먼트,SM ENTERTAINMENT
62,10377346,2020.02.21,랩/힙합,YG PLUS,BIGHIT MUSIC
63,2183300,2013.04.29,랩/힙합,카카오엔터테인먼트,"HOW엔터테인먼트, GRDL"
64,2093190,2012.03.14,댄스,카카오엔터테인먼트,에이큐브 엔터테인먼트
65,2017426,2011.10.19,"댄스, 발라드",카카오엔터테인먼트,SM Entertainment
66,2676884,2016.04.01,"인디음악, 포크/블루스",포크라노스,매직스트로베리사운드
67,987954,2010.08.06,발라드,카카오엔터테인먼트,카카오엔터테인먼트
68,10645654,2021.07.06,댄스,카카오엔터테인먼트,SM ENTERTAINMENT
69,2011288,2011.09.15,발라드,카카오엔터테인먼트,젤리피쉬 엔터테인먼트
70,10346650,2019.11.18,록/메탈,카카오엔터테인먼트,카카오엔터테인먼트
71,2680986,2016.04.22,"인디음악, 포크/블루스",NHN벅스,쇼파르뮤직
72,768154,2010.01.14,록/메탈,카카오엔터테인먼트,피쉬엔케익뮤직
73,1028251,2010.09.27,"댄스, 발라드",Dreamus,(주)JYP엔터테인먼트
74,10156195,2018.04.09,"댄스, 발라드",Dreamus,(주)JYP엔터테인먼트
75,10018979,2016.11.29,발라드,카카오엔터테인먼트,안테나
76,2224293,2014.01.06,발라드,카카오엔터테인먼트,YMC엔터테인먼트
77,10145963,2018.03.08,"랩/힙합, R&B/Soul",지니뮤직,"Stone Music Entertainment, Studio blu"
78,2175147,2013.02.13,"발라드, 국내드라마",지니뮤직,Stone Music Entertainment
79,10158254,2018.04.14,랩/힙합,지니뮤직,Stone Music Entertainment
80,2058415,2012.01.04,랩/힙합,"지니뮤직, Stone Music Entertainment",아메바컬쳐
81,2148527,2012.09.04,댄스,Dreamus,Beyond Music
82,2197684,2013.08.21,"국내드라마, 발라드",카카오엔터테인먼트,"본 팩토리, 카카오엔터테인먼트"
83,1001652,2010.08.25,록/메탈,카카오엔터테인먼트,FNC엔터테인먼트
84,10043575,2017.03.07,"댄스, R&B/Soul",㈜삼쩜일사,브레이브 엔터테인먼트
85,2232505,2014.02.12,"발라드, 국내드라마",NHN벅스,㈜SBS콘텐츠허브
86,10604729,2021.05.10,댄스,Sony Music,WM Entertainment
87,2183355,2013.05.15,발라드,(주)뮤직앤뉴,(주)뮤직앤뉴
88,2017466,2011.10.03,"록/메탈, 발라드, R&B/Soul",지니뮤직,Stone Music Entertainment
89,2316478,2015.05.01,랩/힙합,YG PLUS,(주)YG엔터테인먼트
90,10408131,2020.03.25,발라드,카카오엔터테인먼트,325 이엔씨
91,2259140,2014.06.03,R&B/Soul,YG PLUS,(주)YG엔터테인먼트
92,10105030,2017.10.23,랩/힙합,YG PLUS,(주)YG엔터테인먼트
93,2246854,2014.03.31,"댄스, 발라드",카카오엔터테인먼트,에이큐브 엔터테인먼트
94,2187466,2013.06.03,R&B/Soul,카카오엔터테인먼트,브랜뉴뮤직
95,2324685,2015.06.19,"댄스, 발라드","지니뮤직, Stone Music Entertainment","㈜RBW, Stone Music Entertainment"
96,10784974,2021.11.20,랩/힙합,지니뮤직,Stone Music Entertainment
97,2193615,2013.07.19,"댄스, 발라드",카카오엔터테인먼트,큐브엔터테인먼트
98,1337552,2011.07.19,발라드,YG PLUS,BIGHIT MUSIC
99,727252,2009.11.27,"댄스, 발라드",Dreamus,Beyond Music
100,2244822,2014.03.28,발라드,카카오엔터테인먼트,젤리피쉬엔터테인먼트(주)
101,10096855,2017.09.22,"발라드, 포크/블루스, 댄스",카카오엔터테인먼트,"카카오엔터테인먼트, (주)페이브엔터테인먼트"
102,2670807,2016.03.04,발라드,카카오엔터테인먼트,SM Entertainment
103,2224342,2014.01.03,"댄스, 발라드",GU Music,GU Music
104,2285785,2014.10.20,"발라드, 댄스",카카오엔터테인먼트,큐브엔터테인먼트
105,10059997,2017.05.05,발라드,카카오엔터테인먼트,플레디스엔터테인먼트
106,2334942,2015.08.15,랩/힙합,지니뮤직,Stone Music Entertainment
107,2224353,2014.01.03,발라드,카카오엔터테인먼트,WS엔터테인먼트
108,10268898,2019.04.02,"인디음악, 포크/블루스",NHN벅스,쇼파르뮤직
109,10297571,2019.06.18,발라드,카카오엔터테인먼트,젤리피쉬 엔터테인먼트
110,10012900,2016.11.07,"댄스, 발라드, R&B/Soul","지니뮤직, Stone Music Entertainment","㈜RBW, Stone Music Entertainment"
111,10004707,2016.10.10,"랩/힙합, R&B/Soul",YG PLUS,BIGHIT MUSIC
112,2214116,2013.11.02,"댄스, 록/메탈, 발라드, R&B/Soul, 일렉트로니카",카카오엔터테인먼트,문화방송
113,2250983,2014.04.13,R&B/Soul,Dreamus,(주)JYP엔터테인먼트
114,841954,2010.04.07,"발라드, 댄스","지니뮤직, Stone Music Entertainment",제이튠엔터테인먼트
115,10250473,2019.02.12,댄스,Dreamus,(주)JYP엔터테인먼트
116,10107114,2017.10.30,"댄스, 발라드",Dreamus,(주)JYP엔터테인먼트
117,2271467,2014.08.04,발라드,퍼플파인 엔터테인먼트,(주)MAKTUB Company
118,2705644,2016.08.25,"국내드라마, 발라드, R&B/Soul","지니뮤직, Stone Music Entertainment","Stone Music Entertainment, 냠냠 Ent, SM Ent"
119,2664685,2016.01.29,R&B/Soul,"지니뮤직, Stone Music Entertainment","㈜RBW, Stone Music Entertainment"
120,2255086,2014.05.08,발라드,카카오엔터테인먼트,"아이에이치큐,god"
121,10168559,2018.05.18,랩/힙합,YG PLUS,BIGHIT MUSIC
122,2009327,2011.09.06,"댄스, 발라드",카카오엔터테인먼트,DSP미디어
123,2148596,2012.09.04,"포크/블루스, 인디음악",카카오엔터테인먼트,BORN
124,10027253,2016.12.31,"발라드, 국내드라마","지니뮤직, Stone Music Entertainment","Stone Music Entertainment, 화앤담픽쳐스"
125,2255094,2014.05.12,댄스,(주)래드컴,(주)RBW
126,870651,2010.04.27,발라드,Dreamus,Beyond Music
127,2644221,2015.10.12,R&B/Soul,"지니뮤직, Stone Music Entertainment",아메바컬쳐
128,10205438,2018.09.18,발라드,지니뮤직,WAKEONE
129,10205439,2018.09.18,발라드,지니뮤직,메이저나인
130,10580227,2021.03.20,랩/힙합,카카오엔터테인먼트,영앤리치 레코즈
131,10041603,2017.03.06,"댄스, 발라드",카카오엔터테인먼트,큐브엔터테인먼트
132,10336518,2019.10.09,"발라드, 인디음악",카카오엔터테인먼트,리메즈
133,1292552,2011.06.03,"댄스, 발라드",카카오엔터테인먼트,카카오엔터테인먼트
134,2646282,2015.10.23,"발라드, 댄스",카카오엔터테인먼트,카카오엔터테인먼트
135,10348811,2019.11.07,발라드,카카오엔터테인먼트,씨제스엔터테인먼트
136,2679051,2016.04.14,"발라드, 국내드라마",(주)뮤직앤뉴,"모스트콘텐츠, (주)뮤직앤뉴"
137,1143054,2011.01.18,랩/힙합,카카오엔터테인먼트,원오원엔터테인먼트
138,10731792,2021.10.05,댄스,카카오엔터테인먼트,SM ENTERTAINMENT
139,2291986,2014.11.24,"댄스, 발라드",카카오엔터테인먼트,에이큐브 엔터테인먼트
140,2165012,2012.10.29,R&B/Soul,YG PLUS,(주)YG엔터테인먼트
141,2640151,2015.11.16,"랩/힙합, R&B/Soul",YG PLUS,(주)YG엔터테인먼트
142,10426648,2020.05.06,록/메탈,카카오엔터테인먼트,EDAM엔터테인먼트
143,10008861,2016.10.24,"댄스, 발라드",Dreamus,(주)JYP엔터테인먼트
144,10412319,2020.04.03,성인가요/트로트,카카오엔터테인먼트,TV CHOSUN
145,2165024,2012.11.01,발라드,카카오엔터테인먼트,카카오엔터테인먼트
146,2294058,2014.12.07,발라드,주식회사 블렌딩,㈜SBS콘텐츠허브
147,399659,2004.01.20,발라드,"지니뮤직, Stone Music Entertainment",Stone Music Entertainment
148,2226474,2014.01.15,랩/힙합,카카오엔터테인먼트,리쌍컴퍼니
149,2183466,2013.04.30,"발라드, 댄스",(주)래드컴,(주)RBW
150,809262,2010.02.23,"댄스, 발라드",Dreamus,Beyond Music
151,10412335,2020.04.03,"국내드라마, 발라드","지니뮤직, Stone Music Entertainment","스튜디오 마음C, 에그이즈커밍, Stone Music Entertainment"
152,2244913,2014.03.25,"발라드, 록/메탈",카카오엔터테인먼트,㈜후크엔터테인먼트
153,2126130,2012.06.07,랩/힙합,NHN벅스,브랜뉴뮤직
154,1030451,2010.10.08,댄스,카카오엔터테인먼트,"카카오엔터테인먼트, 내가네트워크"
155,10979636,2022.06.10,"랩/힙합, 댄스, R&B/Soul",YG PLUS,BIGHIT MUSIC
156,2181431,2013.04.12,댄스,YG PLUS,(주)YG엔터테인먼트
157,10600760,2021.04.30,"랩/힙합, 댄스",Dreamus,(주)JYP엔터테인먼트
158,10006841,2016.10.17,댄스,지니뮤직,Stone Music Entertainment
159,2177337,2013.03.28,R&B/Soul,YG PLUS,(주)YG엔터테인먼트
160,10903868,2022.03.30,"록/메탈, 발라드, R&B/Soul",카카오엔터테인먼트,C9 Entertainment
161,2036032,2011.11.17,록/메탈,지니뮤직,Stone Music Entertainment
162,889152,2010.05.13,"발라드, 댄스",(주)뮤직앤뉴,(주)뮤직앤뉴
163,1290562,2011.06.01,"발라드, 댄스",(주)래드컴,(주)RBW
164,2009410,2011.08.31,랩/힙합,Universal Music,브랜뉴뮤직
165,10080589,2017.07.18,"댄스, 발라드, 랩/힙합, R&B/Soul, 일렉트로니카",카카오엔터테인먼트,SM Entertainment
166,10436942,2020.05.29,"국내드라마, 발라드","지니뮤직, Stone Music Entertainment","스튜디오 마음C, 에그이즈커밍, Stone Music Entertainment"
167,2320721,2015.05.28,"인디음악, 록/메탈",MO records,두루두루 아티스트 컴퍼니
168,2648403,2015.11.03,랩/힙합,"지니뮤직, Stone Music Entertainment",세븐시즌스
169,10285396,2019.05.15,"댄스, 발라드, 랩/힙합, 록/메탈",YG PLUS,(주)YG엔터테인먼트
170,10359126,2019.11.30,"발라드, 인디음악",워너뮤직,니즈먼트
171,10074454,2017.06.26,"랩/힙합, R&B/Soul",지니뮤직,Stone Music Entertainment
172,2267478,2014.07.16,댄스,카카오엔터테인먼트,거성엔터테인먼트
173,10391899,2020.02.21,성인가요/트로트,카카오엔터테인먼트,"TV CHOSUN, ㈜쇼플레이"
174,10062172,2017.05.15,"댄스, 발라드",Dreamus,(주)JYP엔터테인먼트
175,2668891,2016.02.24,발라드,카카오엔터테인먼트,C9 ENTERTAINMENT
176,1311069,2011.06.21,발라드,CJ E&M,쏘스뮤직
177,2703714,2016.08.11,랩/힙합,카카오엔터테인먼트,린치핀뮤직(주)
178,2128226,2012.06.21,랩/힙합,NHN벅스,브랜뉴뮤직
179,2330981,2015.07.23,댄스,카카오엔터테인먼트,쏘스뮤직
180,2128229,2012.06.21,록/메탈,지니뮤직,Stone Music Entertainment
181,10160487,2018.04.21,발라드,"지니뮤직, Stone Music Entertainment",한국방송공사
182,10115433,2017.11.29,R&B/Soul,카카오엔터테인먼트,"인넥스트트렌드, 롱플레이뮤직"
183,2300266,2015.01.18,발라드,주식회사 블렌딩,㈜SBS콘텐츠허브
184,11000171,2022.07.09,"발라드, 댄스, R&B/Soul",카카오엔터테인먼트,문화방송
185,10203500,2018.09.12,R&B/Soul,Dreamus,냠냠엔터테인먼트
186,2660715,2016.01.07,R&B/Soul,카카오엔터테인먼트,"미스틱엔터테인먼트, 중앙ICS, (주)SM엔터테인먼트, (주)JYP엔터.."
187,2298221,2015.01.09,랩/힙합,카카오엔터테인먼트,(주)스타쉽 엑스
188,10209647,2018.10.06,랩/힙합,지니뮤직,Stone Music Entertainment
189,10463600,2020.07.20,발라드,카카오엔터테인먼트,TOON STUDIO
190,1339753,2011.07.21,"발라드, 댄스",카카오엔터테인먼트,울림 엔터테인먼트
191,2249074,2014.04.05,"발라드, 댄스, 록/메탈",카카오엔터테인먼트,한국방송공사
192,2683252,2016.05.04,"포크/블루스, 댄스, 발라드",YG PLUS,(주)YG엔터테인먼트
193,2189686,2013.06.20,댄스,(주)루미넌트엔터테인먼트,크롬엔터테인먼트
194,10123639,2017.12.29,R&B/Soul,카카오엔터테인먼트,브랜뉴뮤직
195,2242936,2014.03.19,랩/힙합,"지니뮤직, Stone Music Entertainment",AOMG
196,10187129,2018.07.20,"댄스, R&B/Soul",YG PLUS,(주)YG엔터테인먼트
197,10871162,2022.02.18,"국내드라마, 발라드",카카오엔터테인먼트,플렉스엠
198,10359162,2019.11.29,랩/힙합,"지니뮤직, Stone Music Entertainment",앰비션뮤직
199,10260858,2019.03.13,"록/메탈, 인디음악",카카오엔터테인먼트,페포니 뮤직
200,10918269,2022.04.13,랩/힙합,카카오엔터테인먼트,피네이션 주식회사
201,1356152,2011.07.28,"댄스, 발라드",YG PLUS,(주)YG엔터테인먼트
202,2685311,2016.05.25,랩/힙합,"지니뮤직, Stone Music Entertainment",SEVEN SEASONS
203,2695552,2016.07.05,댄스,Dreamus,(주)JYP엔터테인먼트
204,741758,2009.12.11,발라드,카카오엔터테인먼트,카카오엔터테인먼트
205,10074500,2017.06.26,"댄스, 발라드",카카오엔터테인먼트,플랜에이 엔터테인먼트
206,2201988,2013.09.24,발라드,케미컬레코드,(주)앤에이취이엠쥐
207,10068359,2017.06.03,댄스,지니뮤직,Stone Music Entertainment
208,10027400,2017.01.01,"발라드, 국내드라마","지니뮤직, Stone Music Entertainment","Stone Music Entertainment, 화앤담픽쳐스"
209,11057545,2022.09.18,발라드,카카오엔터테인먼트,방구석캐스팅
210,10529161,2020.12.05,랩/힙합,지니뮤직,Stone Music Entertainment
211,2187662,2013.06.17,록/메탈,카카오엔터테인먼트,미스틱89
212,2187663,2013.06.04,"발라드, 국내드라마",(주)다날엔터테인먼트,다해이엔티
213,10381712,2020.02.01,"국내드라마, 록/메탈",주식회사 블렌딩,주식회사 블렌딩
214,2136463,2012.07.05,댄스,YG PLUS,(주)YG엔터테인먼트
215,10047890,2017.03.24,발라드,카카오엔터테인먼트,"카카오엔터테인먼트, (주)페이브엔터테인먼트"
216,10244499,2019.01.22,발라드,NHN벅스,에르타알레
217,2191762,2013.07.08,랩/힙합,YG PLUS,(주)YG엔터테인먼트
218,10181013,2018.07.02,"댄스, 발라드",카카오엔터테인먼트,플랜에이 엔터테인먼트
219,2285974,2014.10.16,랩/힙합,"지니뮤직, Stone Music Entertainment",아메바컬쳐
220,1184151,2011.02.24,댄스,YG PLUS,(주)YG엔터테인먼트
221,924053,2010.06.17,"발라드, 댄스",(주)지니뮤직,플레디스
222,2326937,2015.07.01,"랩/힙합, 록/메탈, 포크/블루스",YG PLUS,(주)YG엔터테인먼트
223,2277787,2014.08.27,"발라드, 국내드라마, R&B/Soul","지니뮤직, Stone Music Entertainment","Stone Music Entertainment, 가지컨텐츠"
224,10359196,2019.12.01,발라드,카카오엔터테인먼트,"네버랜드엔터테인먼트, 브랜뉴뮤직"
225,2263452,2014.06.30,댄스,카카오엔터테인먼트,엔에이피엔터테인먼트
226,10359204,2019.11.30,발라드,(주)오감엔터테인먼트,반만 엔터테인먼트
227,10027428,2016.12.31,랩/힙합,카카오엔터테인먼트,문화방송
228,10926502,2022.04.20,"인디음악, 포크/블루스, 발라드, 록/메탈",(주)엔에이치엔벅스,쇼파르엔터테인먼트
229,2249127,2014.04.07,"포크/블루스, 댄스",YG PLUS,(주)YG엔터테인먼트
230,10097064,2017.09.18,발라드,지니뮤직,(주)뮤직웍스
231,10281385,2019.05.06,발라드,Dreamus,(주)글러브엔터테인먼트
232,10613163,2021.05.22,"발라드, 댄스","지니뮤직, Stone Music Entertainment",유야호
233,846251,2010.04.12,"댄스, 발라드",지니뮤직,Stone Music Entertainment
234,790957,2010.02.04,랩/힙합,(주)래드컴,(주)RBW
235,790959,2010.02.04,발라드,카카오엔터테인먼트,카카오엔터테인먼트
236,2177021,2013.03.05,발라드,Dreamus,JYP 엔터테인먼트 & 빅히트 엔터테인먼트
237,2263475,2014.07.02,발라드,"지니뮤직, Stone Music Entertainment","C9 ENTERTAINMENT, Stone Music Entertainment"
238,2185652,2013.05.20,"발라드, 국내드라마",(주)다날엔터테인먼트,다해이엔티
239,2290102,2014.11.11,"발라드, 댄스",카카오엔터테인먼트,FNC엔터테인먼트
240,2290103,2014.11.11,R&B/Soul,YG PLUS,(주)YG엔터테인먼트
241,1046966,2010.10.26,"발라드, 댄스",Dreamus,JYP & Big Hit Ent.
242,909755,2010.06.01,발라드,카카오엔터테인먼트,스타제국
243,2687420,2016.05.27,발라드,카카오엔터테인먼트,㈜메이크어스엔터테인먼트
244,2161086,2012.10.24,발라드,카카오엔터테인먼트,QUAN Entertainment
245,2306498,2015.02.27,랩/힙합,지니뮤직,Stone Music Entertainment
246,1071555,2010.11.11,발라드,카카오엔터테인먼트,JS MUSIC
247,2173383,2013.02.05,발라드,카카오엔터테인먼트,에이큐브 엔터테인먼트
248,2150856,2012.09.20,R&B/Soul,카카오엔터테인먼트,인넥스트트렌드
249,2302415,2015.02.02,R&B/Soul,"지니뮤직, Stone Music Entertainment",아메바컬쳐
250,10570193,2021.02.25,랩/힙합,"지니뮤직, Stone Music Entertainment",앰비션뮤직
251,2648529,2015.11.04,"발라드, R&B/Soul",(주)인터파크,JTBC
252,2171346,2013.01.03,발라드,카카오엔터테인먼트,카카오엔터테인먼트
253,2273749,2014.08.12,"발라드, 댄스",YG PLUS,(주)YG엔터테인먼트
254,10183127,2018.07.09,"댄스, 발라드",Dreamus,(주)JYP엔터테인먼트
255,10097112,2017.09.18,랩/힙합,YG PLUS,BIGHIT MUSIC
256,2279896,2014.09.02,"국내드라마, 발라드",카카오엔터테인먼트,모그커뮤니케이션즈
257,741853,2009.12.11,"발라드, 록/메탈",(주)지니뮤직,라이온미디어
258,1360352,2011.08.02,"댄스, 발라드",카카오엔터테인먼트,SM Entertainment
259,2335204,2015.08.18,"댄스, 발라드",카카오엔터테인먼트,SM Entertainment
260,2161126,2012.10.31,랩/힙합,"지니뮤직, Stone Music Entertainment",아메바컬쳐
261,10385896,2020.02.09,"국내드라마, 발라드",지니뮤직,Stone Music Entertainment
262,10197480,2018.08.24,랩/힙합,YG PLUS,BIGHIT MUSIC
263,2093546,2012.03.19,"댄스, 발라드",카카오엔터테인먼트,SM Entertainment
264,963051,2010.07.21,댄스,YG PLUS,(주)YG엔터테인먼트
265,2314734,2015.04.23,"발라드, 국내드라마",NHN벅스,(주)도너츠뮤직
266,10842611,2022.01.17,"댄스, R&B/Soul","지니뮤직, Stone Music Entertainment",위에화엔터테인먼트코리아
267,10226163,2018.11.26,"랩/힙합, R&B/Soul",YG PLUS,(주)YG엔터테인먼트
268,10303989,2019.07.07,R&B/Soul,지니뮤직,Stone Music Entertainment / Studio blu
269,2681333,2016.04.25,댄스,Dreamus,(주)JYP엔터테인먼트
270,10265079,2019.03.24,발라드,카카오엔터테인먼트,SM ENTERTAINMENT
271,2697716,2016.07.15,발라드,카카오엔터테인먼트,뮤직팜
272,2222587,2013.12.20,"록/메탈, 댄스, 발라드",카카오엔터테인먼트,카카오엔터테인먼트
273,10111490,2017.11.15,발라드,Dreamus,미스틱89
274,2701827,2016.08.03,"포크/블루스, 인디음악",카카오엔터테인먼트,본(born)
275,2259461,2014.06.05,댄스,Dreamus,Beyond Music
276,1196552,2011.03.09,랩/힙합,(주)킹핀엔터테인먼트,킹핀엔터테인먼트/그랜드 라인 엔터테인먼트
277,10527241,2020.12.02,발라드,지니뮤직,메이저나인
278,2333193,2015.08.05,"랩/힙합, 댄스, 록/메탈, 포크/블루스",YG PLUS,(주)YG엔터테인먼트
279,2679308,2016.04.14,랩/힙합,지니뮤직,Stone Music Entertainment
280,10801677,2021.12.03,발라드,카카오엔터테인먼트,쇼플레이엔터테인먼트
281,944653,2010.07.08,"댄스, 발라드",NHN벅스,플레디스
282,10062351,2017.05.17,"발라드, 국내드라마",(주)다날엔터테인먼트,더하기미디어
283,10134032,2018.01.29,"댄스, R&B/Soul, 발라드, 랩/힙합",카카오엔터테인먼트,SM Entertainment
284,10129940,2018.01.17,"댄스, 발라드","지니뮤직, Stone Music Entertainment",MNH Entertainment
285,2705941,2016.08.25,R&B/Soul,카카오엔터테인먼트,㈜메이크어스엔터테인먼트
286,2292246,2014.11.28,랩/힙합,"지니뮤직, Stone Music Entertainment",AOMG
287,940564,2010.06.29,"발라드, 댄스",카카오엔터테인먼트,카카오엔터테인먼트 ＆ 더블유에스 Ent.
288,1317401,2011.06.29,댄스,Dreamus,Beyond Music
289,10670618,2021.08.04,"국내드라마, 발라드","지니뮤직, Stone Music Entertainment",PLAYLIST
290,2304541,2015.02.13,랩/힙합,지니뮤직,Stone Music Entertainment
291,2284064,2014.09.30,발라드,카카오엔터테인먼트,플레디스
292,10566182,2021.02.19,발라드,(주)엔에이치엔벅스,니즈뮤직
293,2126375,2012.06.10,댄스,카카오엔터테인먼트,SM Entertainment
294,1339951,2011.07.18,"댄스, 발라드",Dreamus,(주)JYP엔터테인먼트
295,10314289,2019.08.04,"국내드라마, 발라드",Dreamus,냠냠엔터테인먼트
296,10156597,2018.04.10,"댄스, R&B/Soul",카카오엔터테인먼트,SM Entertainment
297,2150966,2012.10.05,댄스,카카오엔터테인먼트,카카오엔터테인먼트
298,10312251,2019.07.29,"댄스, 록/메탈",Dreamus,(주)JYP엔터테인먼트
299,2173499,2013.01.25,랩/힙합,카카오엔터테인먼트,더블킥엔터테인먼트
300,844351,2010.04.01,"댄스, 발라드",(주)래드컴,(주)RBW
301,2261569,2014.06.19,댄스,카카오엔터테인먼트,FNC엔터테인먼트
302,10259010,2019.03.08,성인가요/트로트,카카오엔터테인먼트,뮤직K
303,2138690,2012.07.27,발라드,카카오엔터테인먼트,해피페이스 엔터테인먼트
304,2669132,2016.02.25,"국내드라마, 발라드",(주)뮤직앤뉴,"㈜SM엔터테인먼트, 모스트콘텐츠, (주)뮤직앤뉴"
305,10043982,2017.03.08,발라드,카카오엔터테인먼트,도우즈 레코즈
306,10609232,2021.05.17,댄스,카카오엔터테인먼트,SM ENTERTAINMENT
307,10990161,2022.06.24,"댄스, R&B/Soul, 발라드",Dreamus,㈜JYP엔터테인먼트
308,10416723,2020.04.13,"댄스, 발라드",카카오엔터테인먼트,(주)플레이엠엔터테인먼트
309,10170965,2018.05.28,댄스,카카오엔터테인먼트,FNC엔터테인먼트
310,10267222,2019.03.28,발라드,카카오엔터테인먼트,넥스타엔터테인먼트
311,10035799,2017.02.03,"랩/힙합, 인디음악",카카오엔터테인먼트,(주)스타쉽 엑스
312,2189912,2013.06.24,랩/힙합,NHN벅스,브랜뉴뮤직
313,10189402,2018.07.30,R&B/Soul,Sony Music,SEVEN SEASONS
314,10590812,2021.04.12,발라드,지니뮤직,WAKEONE
315,10283614,2019.05.11,발라드,(주)엔에이치엔벅스,캔버스뮤직
316,10105438,2017.10.24,발라드,지니뮤직,메이저나인
317,821856,2010.03.10,발라드,카카오엔터테인먼트,스타쉽 엔터테인먼트
318,830051,2010.03.22,"댄스, 발라드",카카오엔터테인먼트,SM Entertainment
319,2108004,2012.04.09,"댄스, 발라드",카카오엔터테인먼트,큐브엔터테인먼트
320,10164839,2018.05.08,"발라드, R&B/Soul",지니뮤직,메이저나인
321,2177639,2013.03.10,"댄스, 발라드",주식회사 블렌딩,㈜SBS콘텐츠허브
322,2230890,2014.02.07,R&B/Soul,카카오엔터테인먼트,(주)스타쉽 엑스
323,2153066,2012.10.14,"발라드, 록/메탈",주식회사 블렌딩,문화방송
324,10205805,2018.09.19,"발라드, 댄스",카카오엔터테인먼트,YES IM ENTERTAINMENT
325,10451566,2020.06.26,댄스,YG PLUS,(주)YG엔터테인먼트
326,2683503,2016.05.06,R&B/Soul,"지니뮤직, Stone Music Entertainment",아메바컬쳐
327,2251373,2014.05.09,R&B/Soul,카카오엔터테인먼트,(주)스타쉽 엑스
328,2230896,2014.02.05,"발라드, 국내드라마",NHN벅스,㈜SBS콘텐츠허브
329,2226803,2014.01.16,"댄스, 발라드",카카오엔터테인먼트,FNC엔터테인먼트
330,10320500,2019.08.23,"국내드라마, 록/메탈","지니뮤직, Stone Music Entertainment","Stone Music Entertainment, 삼화네트웍스"
331,2693749,2016.06.25,랩/힙합,지니뮤직,Stone Music Entertainment
332,10648182,2021.07.09,댄스,YG PLUS,BIGHIT MUSIC
333,948853,2010.07.08,"댄스, 발라드",Dreamus,Beyond Music
334,10072696,2017.06.22,댄스,YG PLUS,(주)YG엔터테인먼트
335,10250874,2019.02.13,댄스,카카오엔터테인먼트,(주)RBW
336,10031741,2017.01.24,R&B/Soul,Dreamus,(주)JYP엔터테인먼트
337,2306686,2015.03.02,랩/힙합,카카오엔터테인먼트,㈜RBW
338,10089089,2017.08.22,댄스,카카오엔터테인먼트,"㈜메이크어스엔터테인먼트, The Black Label"
339,10175106,2018.06.18,"댄스, 발라드, 랩/힙합, R&B/Soul, 일렉트로니카",카카오엔터테인먼트,큐브엔터테인먼트
340,2241157,2014.03.20,"발라드, 댄스",케미컬레코드,(주)앤에이취이엠쥐
341,2153095,2012.10.15,"발라드, 록/메탈, 댄스",지니뮤직,Stone Music Entertainment
342,2271880,2014.08.07,댄스,지니뮤직,"Stone Music Entertainment, MMO ENT"
343,2153096,2012.10.15,"댄스, 발라드",Dreamus,"AQ 엔터테인먼트, JYP엔터테인먼트"
344,10070673,2017.06.13,발라드,카카오엔터테인먼트,(주)하우엔터테인먼트
345,2290324,2014.11.13,발라드,카카오엔터테인먼트,SM Entertainment
346,2646678,2015.10.26,랩/힙합,"지니뮤직, Stone Music Entertainment",슈퍼뮤직
347,1190551,2011.03.03,발라드,(주)래드컴,(주)RBW
348,2024088,2011.10.26,발라드,카카오엔터테인먼트,㈜아이티엠 엔터테인먼트
349,2310810,2015.03.25,발라드,카카오엔터테인먼트,스타쉽 엔터테인먼트
350,10117789,2017.12.06,"랩/힙합, 인디음악",워너뮤직,UNCUTPOINT
351,10298014,2019.06.20,발라드,카카오엔터테인먼트,(주)하우엔터테인먼트
352,10539679,2020.12.28,발라드,카카오엔터테인먼트,(주)플레이엠엔터테인먼트
353,10447520,2020.06.20,랩/힙합,YG PLUS,NEOKIDZ
354,2319008,2015.05.18,포크/블루스,카카오엔터테인먼트,카카오엔터테인먼트
355,2093727,2012.03.16,발라드,(주)뮤직앤뉴,(주)뮤직앤뉴
356,2138790,2012.07.30,발라드,카카오엔터테인먼트,INS엔터테인먼트
357,10367659,2019.12.22,발라드,RIAK,㈜ 스튜디오 오드리
358,10150572,2018.03.22,발라드,카카오엔터테인먼트,어라운드어스
359,2667181,2016.02.18,"발라드, 국내드라마",(주)뮤직앤뉴,"모스트콘텐츠, (주)뮤직앤뉴"
360,1254063,2011.04.21,댄스,YG PLUS,(주)YG엔터테인먼트
361,1053361,2010.10.26,발라드,지니뮤직,엠넷미디어(주)
362,2175668,2013.02.19,댄스,카카오엔터테인먼트,SM Entertainment
363,10326710,2019.09.08,발라드,RIAK,㈜ 스튜디오 오드리
364,10136251,2018.02.19,발라드,카카오엔터테인먼트,안테나
365,2007739,2011.08.25,랩/힙합,Dreamus,정글엔터테인먼트
366,10601149,2021.05.02,랩/힙합,"지니뮤직, Stone Music Entertainment","BPM ENTERTAINMENT, FameUs Entertainment"
367,2208448,2013.10.08,"록/메탈, 댄스, 발라드",카카오엔터테인먼트,카카오엔터테인먼트
368,2181825,2013.04.16,록/메탈,Universal Music,필레코드
369,10078915,2017.07.12,랩/힙합,"지니뮤직, Stone Music Entertainment",SEVEN SEASONS
370,10453701,2020.07.01,랩/힙합,카카오엔터테인먼트,KOZ 엔터테인먼트
371,10623687,2021.06.11,"댄스, R&B/Soul",Dreamus,㈜JYP엔터테인먼트
372,10185416,2018.07.16,댄스,카카오엔터테인먼트,(주)RBW
373,2269895,2014.07.28,"댄스, 랩/힙합, 발라드",카카오엔터테인먼트,큐브엔터테인먼트
374,10465994,2020.07.23,R&B/Soul,"지니뮤직, Stone Music Entertainment",AOMG
375,2319050,2015.05.18,"R&B/Soul, 댄스, 발라드",카카오엔터테인먼트,SM Entertainment
376,2093776,2012.03.26,록/메탈,카카오엔터테인먼트,에프엔씨엔터테인먼트
377,10037969,2017.02.13,"랩/힙합, 발라드",YG PLUS,BIGHIT MUSIC
378,10402513,2020.03.13,성인가요/트로트,카카오엔터테인먼트,"TV CHOSUN, ㈜쇼플레이"
379,2173651,2013.01.28,발라드,카카오엔터테인먼트,해피페이스엔터테인먼트&YWHO엔터프라이즈
380,10775252,2021.11.13,랩/힙합,지니뮤직,Stone Music Entertainment
381,2337492,2015.08.29,랩/힙합,지니뮤직,Stone Music Entertainment
382,2284244,2014.10.01,발라드,카카오엔터테인먼트,뮤직팜
383,2153172,2012.10.17,"댄스, 발라드",카카오엔터테인먼트,스타덤
384,2038488,2011.11.23,"인디음악, 록/메탈",카카오엔터테인먼트,엠와이뮤직
385,2323162,2015.06.10,"국내드라마, 발라드, 랩/힙합",카카오엔터테인먼트,더블킥엔터테인먼트
386,10238683,2019.01.02,댄스,"지니뮤직, Stone Music Entertainment",MNH Entertainment
387,2644698,2015.10.14,"국내드라마, 발라드",카카오엔터테인먼트,본팩토리월드와이드
388,1315551,2011.06.24,댄스,YG PLUS,(주)YG엔터테인먼트
389,10230497,2018.12.07,발라드,지니뮤직,메이저나인
390,2112227,2012.04.19,발라드,카카오엔터테인먼트,㈜아이티엠 엔터테인먼트
391,2020067,2011.10.14,발라드,㈜후크엔터테인먼트,㈜후크엔터테인먼트
392,2255589,2014.05.20,R&B/Soul,카카오엔터테인먼트,에이치투미디어
393,2249449,2014.04.11,포크/블루스,카카오엔터테인먼트,미스틱89
394,2149100,2012.09.05,발라드,Dreamus,Beyond Music
395,2077426,2012.02.09,발라드,카카오엔터테인먼트,YMC엔터테인먼트
396,2073331,2012.02.02,댄스,카카오엔터테인먼트,브랜뉴스타덤
397,2190068,2013.06.24,"댄스, 발라드",GU Music,GU Music
398,2015988,2011.09.30,"발라드, 댄스",카카오엔터테인먼트,카카오엔터테인먼트
399,10238710,2019.01.02,"발라드, 록/메탈",카카오엔터테인먼트,325 이엔씨
400,2176577,2013.02.27,"발라드, 국내드라마",카카오엔터테인먼트,골든썸홀딩스
401,10131018,2018.01.22,발라드,(사)한국음반산업협회,JTBC
402,2211402,2013.10.21,"발라드, 댄스",㈜삼쩜일사,미스틱89
403,2283084,2014.09.26,R&B/Soul,카카오엔터테인먼트,(주)스타쉽 엑스
404,10743373,2021.10.19,랩/힙합,"지니뮤직, Stone Music Entertainment",뷰티플노이즈
405,1318477,2011.06.29,댄스,카카오엔터테인먼트,원오원엔터테인먼트
406,10462799,2020.07.18,댄스,카카오엔터테인먼트,MBC (문화방송)
407,10470992,2020.08.03,댄스,카카오엔터테인먼트,큐브엔터테인먼트
408,10270288,2019.04.05,"랩/힙합, 록/메탈, 댄스",YG PLUS,(주)YG엔터테인먼트
409,2240082,2014.03.12,댄스,카카오엔터테인먼트,플레디스
410,2258516,2014.05.29,"국내드라마, 랩/힙합",피앤엠코리아,리웨이뮤직앤미디어
411,1197653,2011.03.10,발라드,카카오엔터테인먼트,스타쉽 엔터테인먼트
412,10061398,2017.05.12,댄스,카카오엔터테인먼트,한국방송공사
413,10055259,2017.04.14,댄스,카카오엔터테인먼트,스타쉽 엔터테인먼트
414,10309213,2019.07.21,"국내드라마, 발라드",Dreamus,냠냠엔터테인먼트
415,2076258,2012.02.07,발라드,카카오엔터테인먼트,제이오션스타엔터테인먼트
416,10008163,2016.10.20,R&B/Soul,"지니뮤직, Stone Music Entertainment",AOMG
417,10505830,2020.10.20,댄스,카카오엔터테인먼트,(주)RBW
418,1166956,2011.02.10,"인디음악, 포크/블루스",포크라노스,매직스트로베리사운드
419,2313837,2015.04.14,"댄스, 발라드","지니뮤직, Stone Music Entertainment",세븐시즌스
420,2645617,2015.10.20,"댄스, 발라드",Dreamus,(주)JYP엔터테인먼트
421,2029169,2011.11.04,발라드,Dreamus,Beyond Music
422,10149492,2018.03.20,"발라드, 국내드라마",카카오엔터테인먼트,SM Entertainment
423,2033270,2011.11.11,"댄스, 발라드",Dreamus,Beyond Music
424,2190970,2013.07.01,랩/힙합,"지니뮤직, Stone Music Entertainment",아메바컬쳐
425,1085053,2010.12.03,댄스,카카오엔터테인먼트,스타쉽 엔터테인먼트
426,10374783,2020.01.12,"국내드라마, 발라드",지니뮤직,Stone Music Entertainment
427,1195654,2011.03.21,록/메탈,카카오엔터테인먼트,피쉬엔케익뮤직
428,2182792,2013.04.24,"국내드라마, 록/메탈",주식회사 블렌딩,㈜SBS콘텐츠허브
429,2188937,2013.06.18,"발라드, 록/메탈","지니뮤직, Stone Music Entertainment","Stone Music Entertainment, 진앤원뮤직웍스, 백엔터테인먼트"
430,892553,2010.05.17,"댄스, 발라드",(주)오감엔터테인먼트,J.Tune Camp
431,10069644,2017.06.08,"랩/힙합, R&B/Soul",YG PLUS,(주)YG엔터테인먼트
432,2320014,2015.05.22,랩/힙합,"지니뮤직, Stone Music Entertainment",에이오엠지 ㈜
433,1123990,2011.01.04,댄스,Universal Music,해피페이스 엔터테인먼트
434,2268823,2014.07.23,"발라드, 국내드라마","지니뮤직, Stone Music Entertainment","Stone Music Entertainment, 가지컨텐츠"
435,2199192,2013.09.05,랩/힙합,YG PLUS,(주)YG엔터테인먼트
436,10743453,2021.10.19,록/메탈,카카오엔터테인먼트,EDAM엔터테인먼트
437,10344095,2019.10.25,랩/힙합,Dreamus,(주)밀리언마켓
438,10122917,2017.12.26,"발라드, R&B/Soul",카카오엔터테인먼트,SM Entertainment
439,2653861,2015.12.01,"댄스, 발라드",YG PLUS,(주)YG엔터테인먼트
440,2225831,2014.01.13,"댄스, 발라드",(주)래드컴,WM Entertainment
441,2698920,2016.07.21,랩/힙합,(주)루미넌트엔터테인먼트,Deoksokids
442,2711209,2016.09.17,댄스,카카오엔터테인먼트,SM Entertainment
443,1173161,2011.02.17,발라드,카카오엔터테인먼트,카카오엔터테인먼트
444,1283751,2011.05.22,"발라드, R&B/Soul, 록/메탈",주식회사 블렌딩,MBC
445,10573486,2021.03.05,댄스,카카오엔터테인먼트,"TOON STUDIO, 느을"
446,10217134,2018.10.29,발라드,카카오엔터테인먼트,뉴런뮤직
447,1031855,2010.10.06,"발라드, 국내드라마",(주)뮤직앤뉴,(주)뮤직앤뉴
448,10122929,2017.12.26,R&B/Soul,Universal Music,Universal Music Ltd. & Joombas Co Ltd.
449,2250420,2014.04.10,"R&B/Soul, 발라드",카카오엔터테인먼트,도토리뮤직
450,10108597,2017.11.08,R&B/Soul,카카오엔터테인먼트,㈜메이크어스엔터테인먼트
451,376502,2008.04.24,"발라드, 댄스",지니뮤직,Stone Music Entertainment
452,10077879,2017.07.09,"댄스, 발라드",카카오엔터테인먼트,SM Entertainment
453,10960568,2022.05.19,발라드,카카오엔터테인먼트,넥스타엔터테인먼트
454,11034298,2022.08.22,댄스,카카오엔터테인먼트,스타쉽엔터테인먼트
455,2707131,2016.08.29,"인디음악, 포크/블루스",NHN벅스,쇼파르뮤직
456,997052,2010.08.12,댄스,카카오엔터테인먼트,DSP미디어
457,10440381,2020.06.07,발라드,카카오엔터테인먼트,주식회사 셀러빗(CELEBIT)
458,10073791,2017.06.22,"댄스, R&B/Soul",㈜래드컴,(주)RBW
459,2303679,2015.02.09,R&B/Soul,Dreamus,(주)JYP엔터테인먼트
460,10925762,2022.04.20,R&B/Soul,카카오엔터테인먼트,H1GHR MUSIC RECORDS
461,2105027,2012.04.03,발라드,카카오엔터테인먼트,에이큐브 엔터테인먼트
462,10798794,2021.12.01,댄스,카카오엔터테인먼트,스타쉽엔터테인먼트
463,2125515,2012.06.03,"댄스, 발라드",Dreamus,(주)JYP엔터테인먼트
464,10536658,2020.12.19,랩/힙합,지니뮤직,Stone Music Entertainment
465,2299602,2015.01.14,"발라드, 국내드라마, 랩/힙합",RIAK,(주)팬엔터테인먼트
466,10170069,2018.05.24,"록/메탈, 인디음악",NHN벅스,쇼파르뮤직
467,765653,2010.01.21,발라드,카카오엔터테인먼트,Warner Music Korea Ltd.
468,2264792,2014.07.08,발라드,카카오엔터테인먼트,에이큐브 엔터테인먼트
469,10518234,2020.11.14,발라드,카카오엔터테인먼트,꿈의엔진
470,935651,2010.06.24,랩/힙합,지니뮤직,Stone Music Entertainment
471,2334436,2015.08.21,랩/힙합,"지니뮤직, Stone Music Entertainment",AOMG
472,2150120,2012.09.13,"댄스, 발라드",(주)래드컴,(주)RBW
473,892654,2010.05.16,댄스,Dreamus,(주)JYP엔터테인먼트
474,896751,2010.05.19,"댄스, 발라드",카카오엔터테인먼트,플레이큐브
475,2680573,2016.05.02,"랩/힙합, 댄스, 발라드",YG PLUS,BIGHIT MUSIC
476,2019070,2011.10.10,"발라드, 댄스, 록/메탈",지니뮤직,Stone Music Entertainment
477,2285311,2014.10.10,발라드,YG PLUS,(주)YG엔터테인먼트
478,2053887,2011.12.23,발라드,(주)다날엔터테인먼트,윈드밀이엔티
479,2123522,2012.05.10,댄스,지니뮤직,Stone Music Entertainment
480,10612483,2021.05.21,댄스,YG PLUS,BIGHIT MUSIC
481,10200838,2018.09.04,댄스,카카오엔터테인먼트,㈜메이크어스엔터테인먼트
482,2694921,2016.07.01,댄스,카카오엔터테인먼트,한국방송공사
483,1003278,2010.08.25,"댄스, 발라드",카카오엔터테인먼트,스타쉽 엔터테인먼트
484,10995477,2022.07.03,"포크/블루스, 인디음악",카카오엔터테인먼트,매직스트로베리사운드
485,10268441,2019.04.01,발라드,카카오엔터테인먼트,SM ENTERTAINMENT
486,10661658,2021.07.26,"록/메탈, 댄스, R&B/Soul",YG PLUS,YG Entertainment
487,890651,2010.05.14,발라드,CS Happy Entertainment,CS Happy Entertainment
488,26396,2003.02.01,R&B/Soul,YG PLUS,(주)YG엔터테인먼트
489,2643740,2015.10.07,"록/메탈, 발라드, R&B/Soul",카카오엔터테인먼트,SM Entertainment
490,10219296,2018.11.05,발라드,카카오엔터테인먼트,씨제스엔터테인먼트
491,10389281,2020.02.17,"댄스, 발라드","지니뮤직, Stone Music Entertainment","Stone Music Entertainment, OFF THE RECORD Entertainment"
492,10219298,2018.11.05,"댄스, 발라드",Dreamus,(주)JYP엔터테인먼트
493,10114851,2017.11.27,발라드,카카오엔터테인먼트,플랜에이 엔터테인먼트
494,10331947,2019.09.25,"발라드, 록/메탈, 포크/블루스",YG PLUS,(주)YG엔터테인먼트
495,10118955,2017.12.11,"댄스, 발라드",Dreamus,(주)JYP엔터테인먼트
496,2222076,2013.12.18,"랩/힙합, 인디음악","지니뮤직, Stone Music Entertainment",일리네어 레코즈
497,10020654,2016.12.03,"국내드라마, 발라드, 랩/힙합","지니뮤직, Stone Music Entertainment","Stone Music Entertainment, 화앤담픽쳐스"
498,10020656,2016.12.05,R&B/Soul,지니뮤직,Stone Music Entertainment
499,911357,2010.06.03,"댄스, 발라드",카카오엔터테인먼트,스타쉽 엔터테인먼트
